Time,Date,Day of the week,CarCount,BikeCount,BusCount,TruckCount
12:00:00 AM,10,Tuesday,13,2,2,24
12:15:00 AM,10,Tuesday,14,1,1,36
12:30:00 AM,10,Tuesday,10,2,2,32
12:45:00 AM,10,Tuesday,10,2,2,36
1:00:00 AM,10,Tuesday,11,2,1,34
1:15:00 AM,10,Tuesday,15,1,1,39
1:30:00 AM,10,Tuesday,14,2,2,27
1:45:00 AM,10,Tuesday,13,2,1,20
2:00:00 AM,10,Tuesday,7,0,0,26
2:15:00 AM,10,Tuesday,13,0,0,34
2:30:00 AM,10,Tuesday,15,2,0,38
2:45:00 AM,10,Tuesday,5,2,0,37
3:00:00 AM,10,Tuesday,9,1,0,34
3:15:00 AM,10,Tuesday,8,0,2,35
3:30:00 AM,10,Tuesday,7,0,0,34
3:45:00 AM,10,Tuesday,10,1,2,38
4:00:00 AM,10,Tuesday,82,7,3,10
4:15:00 AM,10,Tuesday,71,3,0,30
4:30:00 AM,10,Tuesday,89,10,2,10
4:45:00 AM,10,Tuesday,77,3,0,18
5:00:00 AM,10,Tuesday,90,2,0,22
5:15:00 AM,10,Tuesday,84,1,7,23
5:30:00 AM,10,Tuesday,88,8,6,10
5:45:00 AM,10,Tuesday,97,27,15,8
6:00:00 AM,10,Tuesday,107,10,24,11
6:15:00 AM,10,Tuesday,82,26,11,5
6:30:00 AM,10,Tuesday,93,16,24,10
6:45:00 AM,10,Tuesday,128,18,14,6
7:00:00 AM,10,Tuesday,110,19,12,14
7:15:00 AM,10,Tuesday,122,13,10,5
7:30:00 AM,10,Tuesday,92,14,16,12
7:45:00 AM,10,Tuesday,143,30,17,12
8:00:00 AM,10,Tuesday,134,18,21,11
8:15:00 AM,10,Tuesday,134,30,15,14
8:30:00 AM,10,Tuesday,119,13,14,13
8:45:00 AM,10,Tuesday,139,12,22,13
9:00:00 AM,10,Tuesday,73,9,14,17
9:15:00 AM,10,Tuesday,33,12,9,6
9:30:00 AM,10,Tuesday,69,9,26,9
9:45:00 AM,10,Tuesday,69,12,10,5
10:00:00 AM,10,Tuesday,55,11,9,17
10:15:00 AM,10,Tuesday,32,7,27,12
10:30:00 AM,10,Tuesday,53,13,7,5
10:45:00 AM,10,Tuesday,34,10,9,35
11:00:00 AM,10,Tuesday,32,10,10,26
11:15:00 AM,10,Tuesday,47,10,5,25
11:30:00 AM,10,Tuesday,28,0,5,29
11:45:00 AM,10,Tuesday,35,7,13,34
12:00:00 PM,10,Tuesday,38,10,8,31
12:15:00 PM,10,Tuesday,32,3,12,35
12:30:00 PM,10,Tuesday,54,5,12,29
12:45:00 PM,10,Tuesday,52,2,12,29
1:00:00 PM,10,Tuesday,68,19,18,30
1:15:00 PM,10,Tuesday,73,15,3,17
1:30:00 PM,10,Tuesday,21,18,18,23
1:45:00 PM,10,Tuesday,63,11,16,11
2:00:00 PM,10,Tuesday,7,17,20,18
2:15:00 PM,10,Tuesday,76,15,32,17
2:30:00 PM,10,Tuesday,59,14,18,28
2:45:00 PM,10,Tuesday,90,9,3,14
3:00:00 PM,10,Tuesday,5,13,4,20
3:15:00 PM,10,Tuesday,33,18,22,23
3:30:00 PM,10,Tuesday,39,19,13,23
3:45:00 PM,10,Tuesday,150,21,10,14
4:00:00 PM,10,Tuesday,126,27,40,19
4:15:00 PM,10,Tuesday,144,7,35,17
4:30:00 PM,10,Tuesday,145,13,12,18
4:45:00 PM,10,Tuesday,121,29,27,15
5:00:00 PM,10,Tuesday,150,21,37,19
5:15:00 PM,10,Tuesday,122,8,10,11
5:30:00 PM,10,Tuesday,129,20,35,18
5:45:00 PM,10,Tuesday,114,7,39,19
6:00:00 PM,10,Tuesday,109,10,26,17
6:15:00 PM,10,Tuesday,101,22,24,18
6:30:00 PM,10,Tuesday,91,13,8,12
6:45:00 PM,10,Tuesday,90,17,10,11
7:00:00 PM,10,Tuesday,107,2,15,35
7:15:00 PM,10,Tuesday,66,7,5,22
7:30:00 PM,10,Tuesday,98,5,7,30
7:45:00 PM,10,Tuesday,91,10,17,28
8:00:00 PM,10,Tuesday,82,4,9,20
8:15:00 PM,10,Tuesday,65,10,19,18
8:30:00 PM,10,Tuesday,54,3,20,15
8:45:00 PM,10,Tuesday,78,6,16,35
9:00:00 PM,10,Tuesday,70,20,10,33
9:15:00 PM,10,Tuesday,90,9,11,11
9:30:00 PM,10,Tuesday,96,0,19,23
9:45:00 PM,10,Tuesday,14,1,0,27
10:00:00 PM,10,Tuesday,7,1,0,36
10:15:00 PM,10,Tuesday,9,0,2,35
10:30:00 PM,10,Tuesday,7,0,0,34
10:45:00 PM,10,Tuesday,11,0,1,33
11:00:00 PM,10,Tuesday,11,2,2,40
11:15:00 PM,10,Tuesday,11,1,0,31
11:30:00 PM,10,Tuesday,9,2,1,20
11:45:00 PM,10,Tuesday,8,1,2,31
12:00:00 AM,11,Wednesday,9,1,2,29
12:15:00 AM,11,Wednesday,12,2,1,32
12:30:00 AM,11,Wednesday,11,2,1,33
12:45:00 AM,11,Wednesday,7,0,0,29
1:00:00 AM,11,Wednesday,5,1,2,21
1:15:00 AM,11,Wednesday,13,1,2,20
1:30:00 AM,11,Wednesday,7,1,0,40
1:45:00 AM,11,Wednesday,13,2,2,30
2:00:00 AM,11,Wednesday,10,0,2,35
2:15:00 AM,11,Wednesday,15,2,2,32
2:30:00 AM,11,Wednesday,8,2,2,26
2:45:00 AM,11,Wednesday,11,0,0,28
3:00:00 AM,11,Wednesday,7,0,1,36
3:15:00 AM,11,Wednesday,8,0,1,32
3:30:00 AM,11,Wednesday,15,1,0,35
3:45:00 AM,11,Wednesday,9,1,0,33
4:00:00 AM,11,Wednesday,72,7,2,14
4:15:00 AM,11,Wednesday,64,7,7,20
4:30:00 AM,11,Wednesday,85,8,5,14
4:45:00 AM,11,Wednesday,73,6,6,15
5:00:00 AM,11,Wednesday,57,0,0,15
5:15:00 AM,11,Wednesday,81,4,4,24
5:30:00 AM,11,Wednesday,54,6,3,18
5:45:00 AM,11,Wednesday,97,22,23,12
6:00:00 AM,11,Wednesday,109,10,14,13
6:15:00 AM,11,Wednesday,102,23,23,11
6:30:00 AM,11,Wednesday,135,13,18,6
6:45:00 AM,11,Wednesday,105,12,13,9
7:00:00 AM,11,Wednesday,90,17,19,8
7:15:00 AM,11,Wednesday,104,14,19,7
7:30:00 AM,11,Wednesday,134,20,24,8
7:45:00 AM,11,Wednesday,120,26,17,8
8:00:00 AM,11,Wednesday,142,19,16,5
8:15:00 AM,11,Wednesday,121,28,20,15
8:30:00 AM,11,Wednesday,85,26,17,9
8:45:00 AM,11,Wednesday,140,15,14,12
9:00:00 AM,11,Wednesday,68,12,29,12
9:15:00 AM,11,Wednesday,56,7,14,15
9:30:00 AM,11,Wednesday,33,14,12,19
9:45:00 AM,11,Wednesday,61,9,18,6
10:00:00 AM,11,Wednesday,36,10,24,14
10:15:00 AM,11,Wednesday,57,13,22,19
10:30:00 AM,11,Wednesday,64,9,20,19
10:45:00 AM,11,Wednesday,30,7,1,31
11:00:00 AM,11,Wednesday,54,10,10,28
11:15:00 AM,11,Wednesday,28,5,12,29
11:30:00 AM,11,Wednesday,50,2,4,30
11:45:00 AM,11,Wednesday,60,4,3,26
12:00:00 PM,11,Wednesday,39,4,4,30
12:15:00 PM,11,Wednesday,32,1,12,27
12:30:00 PM,11,Wednesday,59,3,12,28
12:45:00 PM,11,Wednesday,64,9,9,25
1:00:00 PM,11,Wednesday,52,17,17,21
1:15:00 PM,11,Wednesday,96,14,3,22
1:30:00 PM,11,Wednesday,61,8,21,24
1:45:00 PM,11,Wednesday,100,7,11,22
2:00:00 PM,11,Wednesday,6,8,32,24
2:15:00 PM,11,Wednesday,88,14,32,26
2:30:00 PM,11,Wednesday,27,14,15,23
2:45:00 PM,11,Wednesday,22,15,21,10
3:00:00 PM,11,Wednesday,53,5,17,21
3:15:00 PM,11,Wednesday,61,11,27,22
3:30:00 PM,11,Wednesday,74,13,5,26
3:45:00 PM,11,Wednesday,121,7,16,20
4:00:00 PM,11,Wednesday,110,9,37,13
4:15:00 PM,11,Wednesday,116,12,39,12
4:30:00 PM,11,Wednesday,100,27,39,13
4:45:00 PM,11,Wednesday,118,11,28,11
5:00:00 PM,11,Wednesday,137,14,13,13
5:15:00 PM,11,Wednesday,130,23,14,18
5:30:00 PM,11,Wednesday,146,13,10,18
5:45:00 PM,11,Wednesday,114,23,19,11
6:00:00 PM,11,Wednesday,104,18,15,15
6:15:00 PM,11,Wednesday,114,24,31,10
6:30:00 PM,11,Wednesday,90,0,18,11
6:45:00 PM,11,Wednesday,95,2,9,15
7:00:00 PM,11,Wednesday,60,4,7,28
7:15:00 PM,11,Wednesday,72,1,9,32
7:30:00 PM,11,Wednesday,92,20,11,31
7:45:00 PM,11,Wednesday,70,18,9,23
8:00:00 PM,11,Wednesday,97,8,17,10
8:15:00 PM,11,Wednesday,72,11,5,24
8:30:00 PM,11,Wednesday,60,12,20,28
8:45:00 PM,11,Wednesday,62,7,7,13
9:00:00 PM,11,Wednesday,79,19,13,17
9:15:00 PM,11,Wednesday,92,9,15,19
9:30:00 PM,11,Wednesday,62,1,5,10
9:45:00 PM,11,Wednesday,13,0,1,39
10:00:00 PM,11,Wednesday,15,2,1,24
10:15:00 PM,11,Wednesday,12,2,2,22
10:30:00 PM,11,Wednesday,5,0,0,36
10:45:00 PM,11,Wednesday,11,1,2,26
11:00:00 PM,11,Wednesday,6,1,2,28
11:15:00 PM,11,Wednesday,6,0,1,27
11:30:00 PM,11,Wednesday,10,0,2,33
11:45:00 PM,11,Wednesday,5,0,1,27
12:00:00 AM,12,Thursday,6,1,2,37
12:15:00 AM,12,Thursday,5,2,1,36
12:30:00 AM,12,Thursday,6,1,0,26
12:45:00 AM,12,Thursday,9,2,0,21
1:00:00 AM,12,Thursday,11,2,2,35
1:15:00 AM,12,Thursday,8,2,0,34
1:30:00 AM,12,Thursday,14,2,0,35
1:45:00 AM,12,Thursday,8,0,0,36
2:00:00 AM,12,Thursday,10,1,0,21
2:15:00 AM,12,Thursday,14,0,1,35
2:30:00 AM,12,Thursday,8,1,0,21
2:45:00 AM,12,Thursday,12,2,1,37
3:00:00 AM,12,Thursday,15,2,1,30
3:15:00 AM,12,Thursday,12,2,1,33
3:30:00 AM,12,Thursday,8,0,2,38
3:45:00 AM,12,Thursday,10,1,2,39
4:00:00 AM,12,Thursday,90,5,0,28
4:15:00 AM,12,Thursday,57,9,0,15
4:30:00 AM,12,Thursday,61,5,0,11
4:45:00 AM,12,Thursday,84,10,6,16
5:00:00 AM,12,Thursday,59,8,5,18
5:15:00 AM,12,Thursday,64,5,3,27
5:30:00 AM,12,Thursday,72,3,5,10
5:45:00 AM,12,Thursday,102,12,14,7
6:00:00 AM,12,Thursday,132,16,23,9
6:15:00 AM,12,Thursday,114,11,25,7
6:30:00 AM,12,Thursday,117,18,22,12
6:45:00 AM,12,Thursday,149,15,10,15
7:00:00 AM,12,Thursday,103,29,12,6
7:15:00 AM,12,Thursday,81,30,16,5
7:30:00 AM,12,Thursday,140,14,12,12
7:45:00 AM,12,Thursday,88,25,23,5
8:00:00 AM,12,Thursday,146,17,20,6
8:15:00 AM,12,Thursday,148,16,25,6
8:30:00 AM,12,Thursday,125,21,22,11
8:45:00 AM,12,Thursday,88,30,23,5
9:00:00 AM,12,Thursday,67,14,24,19
9:15:00 AM,12,Thursday,56,12,30,16
9:30:00 AM,12,Thursday,75,9,15,19
9:45:00 AM,12,Thursday,52,8,5,12
10:00:00 AM,12,Thursday,40,9,25,12
10:15:00 AM,12,Thursday,46,7,30,13
10:30:00 AM,12,Thursday,76,6,8,14
10:45:00 AM,12,Thursday,62,6,6,25
11:00:00 AM,12,Thursday,63,8,9,27
11:15:00 AM,12,Thursday,39,2,12,25
11:30:00 AM,12,Thursday,55,7,4,35
11:45:00 AM,12,Thursday,64,9,8,34
12:00:00 PM,12,Thursday,56,1,5,27
12:15:00 PM,12,Thursday,43,3,4,35
12:30:00 PM,12,Thursday,52,0,3,30
12:45:00 PM,12,Thursday,25,7,4,33
1:00:00 PM,12,Thursday,47,13,0,18
1:15:00 PM,12,Thursday,26,16,31,26
1:30:00 PM,12,Thursday,86,3,9,30
1:45:00 PM,12,Thursday,46,6,21,11
2:00:00 PM,12,Thursday,66,13,3,26
2:15:00 PM,12,Thursday,89,19,21,18
2:30:00 PM,12,Thursday,88,1,10,21
2:45:00 PM,12,Thursday,88,8,8,24
3:00:00 PM,12,Thursday,96,20,28,14
3:15:00 PM,12,Thursday,70,1,20,16
3:30:00 PM,12,Thursday,79,3,14,22
3:45:00 PM,12,Thursday,133,6,21,15
4:00:00 PM,12,Thursday,128,11,38,14
4:15:00 PM,12,Thursday,123,27,34,13
4:30:00 PM,12,Thursday,129,23,17,16
4:45:00 PM,12,Thursday,104,22,40,11
5:00:00 PM,12,Thursday,128,9,19,14
5:15:00 PM,12,Thursday,130,10,38,11
5:30:00 PM,12,Thursday,146,14,35,15
5:45:00 PM,12,Thursday,120,22,32,17
6:00:00 PM,12,Thursday,102,25,31,14
6:15:00 PM,12,Thursday,116,11,18,18
6:30:00 PM,12,Thursday,83,19,15,22
6:45:00 PM,12,Thursday,67,10,11,24
7:00:00 PM,12,Thursday,98,5,9,25
7:15:00 PM,12,Thursday,61,2,11,31
7:30:00 PM,12,Thursday,80,14,5,15
7:45:00 PM,12,Thursday,59,5,6,11
8:00:00 PM,12,Thursday,68,14,20,10
8:15:00 PM,12,Thursday,84,15,12,16
8:30:00 PM,12,Thursday,67,19,16,17
8:45:00 PM,12,Thursday,53,14,19,33
9:00:00 PM,12,Thursday,50,1,6,20
9:15:00 PM,12,Thursday,64,0,9,32
9:30:00 PM,12,Thursday,70,4,5,24
9:45:00 PM,12,Thursday,5,0,0,38
10:00:00 PM,12,Thursday,11,2,0,38
10:15:00 PM,12,Thursday,11,1,1,40
10:30:00 PM,12,Thursday,12,1,2,31
10:45:00 PM,12,Thursday,5,1,0,36
11:00:00 PM,12,Thursday,5,0,0,23
11:15:00 PM,12,Thursday,6,0,2,26
11:30:00 PM,12,Thursday,15,1,2,20
11:45:00 PM,12,Thursday,6,2,0,24
12:00:00 AM,13,Friday,6,1,2,40
12:15:00 AM,13,Friday,6,1,0,39
12:30:00 AM,13,Friday,15,1,2,23
12:45:00 AM,13,Friday,7,1,2,35
1:00:00 AM,13,Friday,15,0,0,22
1:15:00 AM,13,Friday,11,2,2,33
1:30:00 AM,13,Friday,14,2,1,24
1:45:00 AM,13,Friday,5,2,2,36
2:00:00 AM,13,Friday,9,0,2,35
2:15:00 AM,13,Friday,14,0,0,30
2:30:00 AM,13,Friday,5,0,0,29
2:45:00 AM,13,Friday,9,0,1,36
3:00:00 AM,13,Friday,15,1,2,36
3:15:00 AM,13,Friday,11,1,0,20
3:30:00 AM,13,Friday,14,1,2,29
3:45:00 AM,13,Friday,5,0,1,38
4:00:00 AM,13,Friday,54,7,2,27
4:15:00 AM,13,Friday,52,5,2,54
4:30:00 AM,13,Friday,64,7,3,59
4:45:00 AM,13,Friday,28,7,4,35
5:00:00 AM,13,Friday,79,2,2,48
5:15:00 AM,13,Friday,58,0,3,35
5:30:00 AM,13,Friday,43,4,0,48
5:45:00 AM,13,Friday,72,5,3,57
6:00:00 AM,13,Friday,63,0,0,43
6:15:00 AM,13,Friday,58,10,1,58
6:30:00 AM,13,Friday,25,2,3,26
6:45:00 AM,13,Friday,26,6,2,56
7:00:00 AM,13,Friday,53,5,5,25
7:15:00 AM,13,Friday,34,6,1,34
7:30:00 AM,13,Friday,27,3,5,53
7:45:00 AM,13,Friday,77,0,3,44
8:00:00 AM,13,Friday,65,10,1,52
8:15:00 AM,13,Friday,65,6,3,55
8:30:00 AM,13,Friday,78,6,2,35
8:45:00 AM,13,Friday,36,6,5,57
9:00:00 AM,13,Friday,144,42,11,7
9:15:00 AM,13,Friday,125,29,19,6
9:30:00 AM,13,Friday,114,50,6,8
9:45:00 AM,13,Friday,136,24,20,6
10:00:00 AM,13,Friday,114,37,19,7
10:15:00 AM,13,Friday,141,50,16,5
10:30:00 AM,13,Friday,117,50,20,10
10:45:00 AM,13,Friday,103,40,11,9
11:00:00 AM,13,Friday,131,39,5,5
11:15:00 AM,13,Friday,119,22,6,8
11:30:00 AM,13,Friday,104,35,19,9
11:45:00 AM,13,Friday,146,24,13,6
12:00:00 PM,13,Friday,134,26,14,6
12:15:00 PM,13,Friday,111,46,19,8
12:30:00 PM,13,Friday,106,37,19,8
12:45:00 PM,13,Friday,128,36,12,9
1:00:00 PM,13,Friday,101,36,11,9
1:15:00 PM,13,Friday,142,21,7,9
1:30:00 PM,13,Friday,124,21,10,5
1:45:00 PM,13,Friday,103,22,20,7
2:00:00 PM,13,Friday,139,47,7,8
2:15:00 PM,13,Friday,127,28,20,10
2:30:00 PM,13,Friday,126,39,13,7
2:45:00 PM,13,Friday,100,41,15,8
3:00:00 PM,13,Friday,66,5,5,17
3:15:00 PM,13,Friday,83,13,9,10
3:30:00 PM,13,Friday,50,6,15,9
3:45:00 PM,13,Friday,50,13,1,11
4:00:00 PM,13,Friday,65,5,1,20
4:15:00 PM,13,Friday,72,8,12,19
4:30:00 PM,13,Friday,80,7,0,9
4:45:00 PM,13,Friday,71,5,10,5
5:00:00 PM,13,Friday,83,11,2,12
5:15:00 PM,13,Friday,54,5,6,10
5:30:00 PM,13,Friday,55,6,4,10
5:45:00 PM,13,Friday,56,15,14,5
6:00:00 PM,13,Friday,71,8,13,12
6:15:00 PM,13,Friday,59,5,13,18
6:30:00 PM,13,Friday,62,14,4,10
6:45:00 PM,13,Friday,68,10,9,20
7:00:00 PM,13,Friday,27,0,3,40
7:15:00 PM,13,Friday,45,3,1,44
7:30:00 PM,13,Friday,23,3,1,39
7:45:00 PM,13,Friday,50,4,4,40
8:00:00 PM,13,Friday,29,2,4,39
8:15:00 PM,13,Friday,26,1,5,30
8:30:00 PM,13,Friday,43,4,5,39
8:45:00 PM,13,Friday,33,5,0,25
9:00:00 PM,13,Friday,21,2,4,30
9:15:00 PM,13,Friday,47,2,4,40
9:30:00 PM,13,Friday,24,4,4,41
9:45:00 PM,13,Friday,11,0,2,27
10:00:00 PM,13,Friday,5,1,1,37
10:15:00 PM,13,Friday,14,2,1,22
10:30:00 PM,13,Friday,6,2,0,39
10:45:00 PM,13,Friday,15,2,2,37
11:00:00 PM,13,Friday,9,2,2,36
11:15:00 PM,13,Friday,11,0,0,34
11:30:00 PM,13,Friday,13,1,2,25
11:45:00 PM,13,Friday,13,1,2,31
12:00:00 AM,14,Saturday,10,0,0,37
12:15:00 AM,14,Saturday,6,2,0,20
12:30:00 AM,14,Saturday,12,1,1,36
12:45:00 AM,14,Saturday,9,2,0,27
1:00:00 AM,14,Saturday,13,1,0,35
1:15:00 AM,14,Saturday,7,0,1,40
1:30:00 AM,14,Saturday,6,1,1,37
1:45:00 AM,14,Saturday,8,1,1,27
2:00:00 AM,14,Saturday,9,2,2,30
2:15:00 AM,14,Saturday,7,1,0,38
2:30:00 AM,14,Saturday,6,0,1,35
2:45:00 AM,14,Saturday,7,0,2,27
3:00:00 AM,14,Saturday,5,0,0,36
3:15:00 AM,14,Saturday,11,2,2,25
3:30:00 AM,14,Saturday,5,1,2,22
3:45:00 AM,14,Saturday,14,0,1,30
4:00:00 AM,14,Saturday,55,1,1,30
4:15:00 AM,14,Saturday,74,10,1,10
4:30:00 AM,14,Saturday,89,7,1,21
4:45:00 AM,14,Saturday,87,9,6,17
5:00:00 AM,14,Saturday,80,10,3,19
5:15:00 AM,14,Saturday,89,7,0,25
5:30:00 AM,14,Saturday,89,6,6,17
5:45:00 AM,14,Saturday,134,12,20,5
6:00:00 AM,14,Saturday,104,16,11,15
6:15:00 AM,14,Saturday,132,10,20,13
6:30:00 AM,14,Saturday,112,16,18,12
6:45:00 AM,14,Saturday,84,25,11,15
7:00:00 AM,14,Saturday,101,25,21,15
7:15:00 AM,14,Saturday,141,16,25,10
7:30:00 AM,14,Saturday,108,29,23,11
7:45:00 AM,14,Saturday,147,27,25,7
8:00:00 AM,14,Saturday,102,10,18,12
8:15:00 AM,14,Saturday,141,30,19,7
8:30:00 AM,14,Saturday,118,23,19,15
8:45:00 AM,14,Saturday,90,27,12,10
9:00:00 AM,14,Saturday,35,5,25,11
9:15:00 AM,14,Saturday,80,11,8,19
9:30:00 AM,14,Saturday,71,15,7,10
9:45:00 AM,14,Saturday,58,5,5,7
10:00:00 AM,14,Saturday,36,5,15,19
10:15:00 AM,14,Saturday,36,15,22,11
10:30:00 AM,14,Saturday,30,12,20,17
10:45:00 AM,14,Saturday,29,5,11,29
11:00:00 AM,14,Saturday,34,8,10,25
11:15:00 AM,14,Saturday,61,3,6,31
11:30:00 AM,14,Saturday,52,7,5,27
11:45:00 AM,14,Saturday,24,0,12,34
12:00:00 PM,14,Saturday,28,9,5,25
12:15:00 PM,14,Saturday,42,0,4,33
12:30:00 PM,14,Saturday,31,4,9,26
12:45:00 PM,14,Saturday,29,2,4,34
1:00:00 PM,14,Saturday,64,19,22,13
1:15:00 PM,14,Saturday,84,1,11,16
1:30:00 PM,14,Saturday,20,0,17,24
1:45:00 PM,14,Saturday,82,16,32,22
2:00:00 PM,14,Saturday,80,14,22,25
2:15:00 PM,14,Saturday,18,16,10,14
2:30:00 PM,14,Saturday,57,12,30,15
2:45:00 PM,14,Saturday,50,1,21,25
3:00:00 PM,14,Saturday,6,4,5,10
3:15:00 PM,14,Saturday,78,19,30,23
3:30:00 PM,14,Saturday,38,8,18,30
3:45:00 PM,14,Saturday,129,18,12,17
4:00:00 PM,14,Saturday,114,9,39,11
4:15:00 PM,14,Saturday,139,8,40,17
4:30:00 PM,14,Saturday,108,20,10,15
4:45:00 PM,14,Saturday,129,11,12,20
5:00:00 PM,14,Saturday,149,22,31,13
5:15:00 PM,14,Saturday,120,27,37,12
5:30:00 PM,14,Saturday,120,6,37,18
5:45:00 PM,14,Saturday,124,28,32,18
6:00:00 PM,14,Saturday,116,10,28,19
6:15:00 PM,14,Saturday,100,9,10,11
6:30:00 PM,14,Saturday,88,8,20,33
6:45:00 PM,14,Saturday,94,16,15,20
7:00:00 PM,14,Saturday,94,17,19,35
7:15:00 PM,14,Saturday,51,20,7,25
7:30:00 PM,14,Saturday,58,12,20,19
7:45:00 PM,14,Saturday,74,8,10,13
8:00:00 PM,14,Saturday,92,9,11,32
8:15:00 PM,14,Saturday,92,5,17,12
8:30:00 PM,14,Saturday,50,9,18,18
8:45:00 PM,14,Saturday,80,11,14,14
9:00:00 PM,14,Saturday,102,10,13,13
9:15:00 PM,14,Saturday,68,13,18,13
9:30:00 PM,14,Saturday,108,4,17,13
9:45:00 PM,14,Saturday,13,1,2,20
10:00:00 PM,14,Saturday,8,0,2,34
10:15:00 PM,14,Saturday,11,2,2,40
10:30:00 PM,14,Saturday,13,1,1,28
10:45:00 PM,14,Saturday,12,0,2,23
11:00:00 PM,14,Saturday,9,0,1,20
11:15:00 PM,14,Saturday,8,1,2,21
11:30:00 PM,14,Saturday,7,1,1,26
11:45:00 PM,14,Saturday,6,0,1,22
12:00:00 AM,15,Sunday,11,2,0,35
12:15:00 AM,15,Sunday,7,2,0,24
12:30:00 AM,15,Sunday,7,2,2,28
12:45:00 AM,15,Sunday,13,0,2,24
1:00:00 AM,15,Sunday,13,1,2,27
1:15:00 AM,15,Sunday,7,1,1,32
1:30:00 AM,15,Sunday,7,0,2,24
1:45:00 AM,15,Sunday,6,2,0,25
2:00:00 AM,15,Sunday,5,0,0,26
2:15:00 AM,15,Sunday,6,0,2,20
2:30:00 AM,15,Sunday,10,2,1,35
2:45:00 AM,15,Sunday,14,1,0,22
3:00:00 AM,15,Sunday,13,1,1,24
3:15:00 AM,15,Sunday,13,1,1,23
3:30:00 AM,15,Sunday,15,0,0,39
3:45:00 AM,15,Sunday,9,2,2,25
4:00:00 AM,15,Sunday,76,7,2,14
4:15:00 AM,15,Sunday,75,4,4,23
4:30:00 AM,15,Sunday,54,8,0,16
4:45:00 AM,15,Sunday,60,5,6,25
5:00:00 AM,15,Sunday,70,4,6,21
5:15:00 AM,15,Sunday,70,10,7,24
5:30:00 AM,15,Sunday,50,2,3,26
5:45:00 AM,15,Sunday,128,11,25,13
6:00:00 AM,15,Sunday,131,23,15,11
6:15:00 AM,15,Sunday,140,24,17,8
6:30:00 AM,15,Sunday,113,23,23,10
6:45:00 AM,15,Sunday,109,22,13,8
7:00:00 AM,15,Sunday,143,11,11,12
7:15:00 AM,15,Sunday,137,24,25,8
7:30:00 AM,15,Sunday,109,27,14,8
7:45:00 AM,15,Sunday,87,30,17,8
8:00:00 AM,15,Sunday,91,14,13,5
8:15:00 AM,15,Sunday,86,15,16,14
8:30:00 AM,15,Sunday,134,13,24,11
8:45:00 AM,15,Sunday,137,13,20,9
9:00:00 AM,15,Sunday,47,15,26,15
9:15:00 AM,15,Sunday,52,8,23,17
9:30:00 AM,15,Sunday,77,5,5,14
9:45:00 AM,15,Sunday,43,13,24,14
10:00:00 AM,15,Sunday,68,14,30,19
10:15:00 AM,15,Sunday,46,5,11,13
10:30:00 AM,15,Sunday,80,11,5,16
10:45:00 AM,15,Sunday,43,8,1,27
11:00:00 AM,15,Sunday,66,7,12,27
11:15:00 AM,15,Sunday,34,0,2,33
11:30:00 AM,15,Sunday,65,2,8,30
11:45:00 AM,15,Sunday,59,7,9,29
12:00:00 PM,15,Sunday,55,7,4,28
12:15:00 PM,15,Sunday,41,4,9,35
12:30:00 PM,15,Sunday,32,0,8,25
12:45:00 PM,15,Sunday,48,2,12,30
1:00:00 PM,15,Sunday,36,16,12,13
1:15:00 PM,15,Sunday,43,2,23,22
1:30:00 PM,15,Sunday,13,3,24,30
1:45:00 PM,15,Sunday,90,20,22,18
2:00:00 PM,15,Sunday,98,4,20,28
2:15:00 PM,15,Sunday,95,6,27,14
2:30:00 PM,15,Sunday,39,13,8,11
2:45:00 PM,15,Sunday,54,15,8,11
3:00:00 PM,15,Sunday,28,19,13,11
3:15:00 PM,15,Sunday,7,4,5,23
3:30:00 PM,15,Sunday,29,18,9,15
3:45:00 PM,15,Sunday,122,18,18,19
4:00:00 PM,15,Sunday,150,30,14,17
4:15:00 PM,15,Sunday,113,25,28,12
4:30:00 PM,15,Sunday,116,23,39,17
4:45:00 PM,15,Sunday,127,14,40,11
5:00:00 PM,15,Sunday,116,15,33,20
5:15:00 PM,15,Sunday,136,15,15,18
5:30:00 PM,15,Sunday,120,17,14,11
5:45:00 PM,15,Sunday,109,25,35,12
6:00:00 PM,15,Sunday,134,21,26,15
6:15:00 PM,15,Sunday,135,10,36,15
6:30:00 PM,15,Sunday,77,1,10,25
6:45:00 PM,15,Sunday,107,15,13,11
7:00:00 PM,15,Sunday,106,16,5,19
7:15:00 PM,15,Sunday,52,17,5,16
7:30:00 PM,15,Sunday,100,19,5,22
7:45:00 PM,15,Sunday,107,13,13,22
8:00:00 PM,15,Sunday,67,7,20,33
8:15:00 PM,15,Sunday,100,15,10,11
8:30:00 PM,15,Sunday,110,1,18,20
8:45:00 PM,15,Sunday,92,14,10,11
9:00:00 PM,15,Sunday,109,14,16,14
9:15:00 PM,15,Sunday,85,17,11,28
9:30:00 PM,15,Sunday,101,12,16,12
9:45:00 PM,15,Sunday,10,0,0,25
10:00:00 PM,15,Sunday,12,2,1,32
10:15:00 PM,15,Sunday,13,2,0,40
10:30:00 PM,15,Sunday,15,1,0,30
10:45:00 PM,15,Sunday,6,1,0,34
11:00:00 PM,15,Sunday,11,1,1,39
11:15:00 PM,15,Sunday,9,2,1,23
11:30:00 PM,15,Sunday,10,2,2,28
11:45:00 PM,15,Sunday,12,0,1,38
12:00:00 AM,16,Monday,11,2,2,39
12:15:00 AM,16,Monday,7,1,0,29
12:30:00 AM,16,Monday,15,0,2,33
12:45:00 AM,16,Monday,10,0,0,20
1:00:00 AM,16,Monday,6,0,1,40
1:15:00 AM,16,Monday,12,1,2,31
1:30:00 AM,16,Monday,15,0,0,26
1:45:00 AM,16,Monday,10,0,1,31
2:00:00 AM,16,Monday,9,0,2,38
2:15:00 AM,16,Monday,9,2,2,37
2:30:00 AM,16,Monday,7,0,0,34
2:45:00 AM,16,Monday,12,2,1,26
3:00:00 AM,16,Monday,15,0,0,34
3:15:00 AM,16,Monday,11,0,1,29
3:30:00 AM,16,Monday,9,1,1,30
3:45:00 AM,16,Monday,5,2,0,28
4:00:00 AM,16,Monday,70,1,0,25
4:15:00 AM,16,Monday,74,0,6,25
4:30:00 AM,16,Monday,81,3,1,20
4:45:00 AM,16,Monday,71,2,4,21
5:00:00 AM,16,Monday,75,7,1,28
5:15:00 AM,16,Monday,88,5,5,25
5:30:00 AM,16,Monday,71,2,4,19
5:45:00 AM,16,Monday,115,10,11,15
6:00:00 AM,16,Monday,147,26,11,5
6:15:00 AM,16,Monday,102,15,20,10
6:30:00 AM,16,Monday,80,12,25,9
6:45:00 AM,16,Monday,97,23,25,7
7:00:00 AM,16,Monday,81,23,24,8
7:15:00 AM,16,Monday,130,16,10,15
7:30:00 AM,16,Monday,103,13,24,13
7:45:00 AM,16,Monday,138,22,20,8
8:00:00 AM,16,Monday,128,16,22,12
8:15:00 AM,16,Monday,91,14,11,8
8:30:00 AM,16,Monday,141,27,12,9
8:45:00 AM,16,Monday,114,19,25,5
9:00:00 AM,16,Monday,53,14,30,10
9:15:00 AM,16,Monday,69,9,17,5
9:30:00 AM,16,Monday,39,8,16,10
9:45:00 AM,16,Monday,71,13,25,8
10:00:00 AM,16,Monday,48,8,29,12
10:15:00 AM,16,Monday,73,14,18,17
10:30:00 AM,16,Monday,61,8,7,18
10:45:00 AM,16,Monday,44,7,11,30
11:00:00 AM,16,Monday,59,0,7,35
11:15:00 AM,16,Monday,50,3,5,29
11:30:00 AM,16,Monday,26,3,5,28
11:45:00 AM,16,Monday,24,7,13,34
12:00:00 PM,16,Monday,35,3,3,33
12:15:00 PM,16,Monday,59,10,9,25
12:30:00 PM,16,Monday,31,2,5,33
12:45:00 PM,16,Monday,21,10,7,31
1:00:00 PM,16,Monday,68,20,24,14
1:15:00 PM,16,Monday,31,4,21,22
1:30:00 PM,16,Monday,44,6,18,17
1:45:00 PM,16,Monday,39,16,27,26
2:00:00 PM,16,Monday,25,19,35,18
2:15:00 PM,16,Monday,16,4,29,14
2:30:00 PM,16,Monday,8,11,24,12
2:45:00 PM,16,Monday,35,18,3,16
3:00:00 PM,16,Monday,95,16,16,21
3:15:00 PM,16,Monday,8,3,32,22
3:30:00 PM,16,Monday,30,19,14,18
3:45:00 PM,16,Monday,125,11,26,11
4:00:00 PM,16,Monday,130,10,30,20
4:15:00 PM,16,Monday,149,27,24,19
4:30:00 PM,16,Monday,107,25,38,14
4:45:00 PM,16,Monday,129,16,23,10
5:00:00 PM,16,Monday,131,7,33,13
5:15:00 PM,16,Monday,124,20,13,14
5:30:00 PM,16,Monday,102,20,17,16
5:45:00 PM,16,Monday,144,13,12,20
6:00:00 PM,16,Monday,148,9,37,18
6:15:00 PM,16,Monday,141,11,33,16
6:30:00 PM,16,Monday,96,18,5,30
6:45:00 PM,16,Monday,85,7,13,31
7:00:00 PM,16,Monday,101,0,19,33
7:15:00 PM,16,Monday,83,1,6,24
7:30:00 PM,16,Monday,61,10,13,30
7:45:00 PM,16,Monday,101,6,20,27
8:00:00 PM,16,Monday,107,0,15,27
8:15:00 PM,16,Monday,78,3,12,33
8:30:00 PM,16,Monday,77,20,7,22
8:45:00 PM,16,Monday,108,10,5,21
9:00:00 PM,16,Monday,55,0,19,25
9:15:00 PM,16,Monday,61,10,14,35
9:30:00 PM,16,Monday,88,18,7,23
9:45:00 PM,16,Monday,7,0,1,38
10:00:00 PM,16,Monday,12,0,0,35
10:15:00 PM,16,Monday,7,2,1,35
10:30:00 PM,16,Monday,14,2,1,21
10:45:00 PM,16,Monday,10,1,1,20
11:00:00 PM,16,Monday,6,2,0,31
11:15:00 PM,16,Monday,5,2,1,40
11:30:00 PM,16,Monday,14,0,2,40
11:45:00 PM,16,Monday,6,0,2,32
12:00:00 AM,17,Tuesday,14,0,2,27
12:15:00 AM,17,Tuesday,8,1,1,21
12:30:00 AM,17,Tuesday,11,2,2,21
12:45:00 AM,17,Tuesday,10,2,0,33
1:00:00 AM,17,Tuesday,13,1,2,29
1:15:00 AM,17,Tuesday,6,2,0,27
1:30:00 AM,17,Tuesday,7,2,0,22
1:45:00 AM,17,Tuesday,5,2,2,37
2:00:00 AM,17,Tuesday,14,2,1,40
2:15:00 AM,17,Tuesday,14,0,0,31
2:30:00 AM,17,Tuesday,10,0,2,39
2:45:00 AM,17,Tuesday,8,2,0,40
3:00:00 AM,17,Tuesday,15,0,1,35
3:15:00 AM,17,Tuesday,11,1,1,37
3:30:00 AM,17,Tuesday,15,1,2,27
3:45:00 AM,17,Tuesday,15,2,1,40
4:00:00 AM,17,Tuesday,83,9,0,14
4:15:00 AM,17,Tuesday,82,3,0,30
4:30:00 AM,17,Tuesday,76,4,6,15
4:45:00 AM,17,Tuesday,59,5,2,11
5:00:00 AM,17,Tuesday,59,5,3,27
5:15:00 AM,17,Tuesday,71,4,6,17
5:30:00 AM,17,Tuesday,70,4,4,23
5:45:00 AM,17,Tuesday,104,11,19,9
6:00:00 AM,17,Tuesday,136,30,11,5
6:15:00 AM,17,Tuesday,86,13,21,9
6:30:00 AM,17,Tuesday,131,19,18,11
6:45:00 AM,17,Tuesday,90,16,14,13
7:00:00 AM,17,Tuesday,129,13,17,5
7:15:00 AM,17,Tuesday,91,10,25,14
7:30:00 AM,17,Tuesday,86,10,20,14
7:45:00 AM,17,Tuesday,100,19,17,8
8:00:00 AM,17,Tuesday,84,11,10,11
8:15:00 AM,17,Tuesday,109,29,25,11
8:30:00 AM,17,Tuesday,93,22,15,8
8:45:00 AM,17,Tuesday,92,17,16,5
9:00:00 AM,17,Tuesday,80,7,11,17
9:15:00 AM,17,Tuesday,30,11,24,7
9:30:00 AM,17,Tuesday,35,14,14,12
9:45:00 AM,17,Tuesday,70,5,25,7
10:00:00 AM,17,Tuesday,59,10,7,16
10:15:00 AM,17,Tuesday,56,12,7,6
10:30:00 AM,17,Tuesday,77,10,5,18
10:45:00 AM,17,Tuesday,64,2,10,34
11:00:00 AM,17,Tuesday,37,3,13,28
11:15:00 AM,17,Tuesday,51,6,8,33
11:30:00 AM,17,Tuesday,33,1,9,30
11:45:00 AM,17,Tuesday,70,1,11,31
12:00:00 PM,17,Tuesday,39,0,1,26
12:15:00 PM,17,Tuesday,49,4,11,35
12:30:00 PM,17,Tuesday,33,2,0,25
12:45:00 PM,17,Tuesday,49,8,1,32
1:00:00 PM,17,Tuesday,70,2,16,14
1:15:00 PM,17,Tuesday,23,16,20,26
1:30:00 PM,17,Tuesday,17,8,12,10
1:45:00 PM,17,Tuesday,37,2,7,29
2:00:00 PM,17,Tuesday,38,1,0,10
2:15:00 PM,17,Tuesday,8,17,20,18
2:30:00 PM,17,Tuesday,24,16,29,23
2:45:00 PM,17,Tuesday,11,0,17,26
3:00:00 PM,17,Tuesday,15,3,20,28
3:15:00 PM,17,Tuesday,59,15,31,29
3:30:00 PM,17,Tuesday,7,11,17,25
3:45:00 PM,17,Tuesday,116,19,35,11
4:00:00 PM,17,Tuesday,123,5,31,13
4:15:00 PM,17,Tuesday,107,16,17,11
4:30:00 PM,17,Tuesday,117,6,17,16
4:45:00 PM,17,Tuesday,102,10,15,11
5:00:00 PM,17,Tuesday,100,12,14,15
5:15:00 PM,17,Tuesday,142,22,25,18
5:30:00 PM,17,Tuesday,104,19,12,16
5:45:00 PM,17,Tuesday,105,23,17,13
6:00:00 PM,17,Tuesday,101,30,23,18
6:15:00 PM,17,Tuesday,138,16,14,19
6:30:00 PM,17,Tuesday,96,5,18,26
6:45:00 PM,17,Tuesday,70,17,20,34
7:00:00 PM,17,Tuesday,62,10,15,26
7:15:00 PM,17,Tuesday,101,18,15,15
7:30:00 PM,17,Tuesday,83,1,5,31
7:45:00 PM,17,Tuesday,104,20,20,20
8:00:00 PM,17,Tuesday,107,9,6,20
8:15:00 PM,17,Tuesday,100,2,11,23
8:30:00 PM,17,Tuesday,110,2,18,21
8:45:00 PM,17,Tuesday,110,2,14,31
9:00:00 PM,17,Tuesday,65,20,14,17
9:15:00 PM,17,Tuesday,53,18,10,35
9:30:00 PM,17,Tuesday,65,2,13,33
9:45:00 PM,17,Tuesday,14,0,0,26
10:00:00 PM,17,Tuesday,7,1,0,24
10:15:00 PM,17,Tuesday,8,0,0,21
10:30:00 PM,17,Tuesday,15,0,0,32
10:45:00 PM,17,Tuesday,15,2,2,20
11:00:00 PM,17,Tuesday,11,1,0,37
11:15:00 PM,17,Tuesday,5,0,0,37
11:30:00 PM,17,Tuesday,10,2,2,28
11:45:00 PM,17,Tuesday,15,0,2,40
12:00:00 AM,18,Wednesday,11,2,0,39
12:15:00 AM,18,Wednesday,11,2,1,28
12:30:00 AM,18,Wednesday,5,1,1,29
12:45:00 AM,18,Wednesday,7,2,0,27
1:00:00 AM,18,Wednesday,7,2,1,22
1:15:00 AM,18,Wednesday,10,2,1,38
1:30:00 AM,18,Wednesday,6,1,2,25
1:45:00 AM,18,Wednesday,15,2,1,27
2:00:00 AM,18,Wednesday,7,1,0,36
2:15:00 AM,18,Wednesday,14,2,0,38
2:30:00 AM,18,Wednesday,15,2,0,27
2:45:00 AM,18,Wednesday,6,1,1,30
3:00:00 AM,18,Wednesday,7,0,1,24
3:15:00 AM,18,Wednesday,13,0,1,24
3:30:00 AM,18,Wednesday,11,2,2,22
3:45:00 AM,18,Wednesday,13,2,1,36
4:00:00 AM,18,Wednesday,88,6,5,19
4:15:00 AM,18,Wednesday,60,0,6,18
4:30:00 AM,18,Wednesday,54,6,6,14
4:45:00 AM,18,Wednesday,66,0,2,20
5:00:00 AM,18,Wednesday,68,6,6,11
5:15:00 AM,18,Wednesday,89,9,1,14
5:30:00 AM,18,Wednesday,56,1,0,24
5:45:00 AM,18,Wednesday,101,24,15,9
6:00:00 AM,18,Wednesday,120,28,20,10
6:15:00 AM,18,Wednesday,95,29,18,12
6:30:00 AM,18,Wednesday,94,13,21,11
6:45:00 AM,18,Wednesday,141,30,24,12
7:00:00 AM,18,Wednesday,144,26,18,13
7:15:00 AM,18,Wednesday,107,26,22,11
7:30:00 AM,18,Wednesday,118,27,10,12
7:45:00 AM,18,Wednesday,136,16,24,10
8:00:00 AM,18,Wednesday,139,30,21,15
8:15:00 AM,18,Wednesday,103,19,15,14
8:30:00 AM,18,Wednesday,127,18,11,15
8:45:00 AM,18,Wednesday,101,29,16,8
9:00:00 AM,18,Wednesday,55,8,20,19
9:15:00 AM,18,Wednesday,56,7,8,14
9:30:00 AM,18,Wednesday,34,7,8,9
9:45:00 AM,18,Wednesday,57,10,15,12
10:00:00 AM,18,Wednesday,44,15,9,18
10:15:00 AM,18,Wednesday,43,7,25,11
10:30:00 AM,18,Wednesday,41,9,26,6
10:45:00 AM,18,Wednesday,32,2,6,30
11:00:00 AM,18,Wednesday,38,10,3,32
11:15:00 AM,18,Wednesday,56,10,9,35
11:30:00 AM,18,Wednesday,30,4,11,35
11:45:00 AM,18,Wednesday,66,2,3,26
12:00:00 PM,18,Wednesday,40,10,0,28
12:15:00 PM,18,Wednesday,50,8,8,25
12:30:00 PM,18,Wednesday,26,3,6,26
12:45:00 PM,18,Wednesday,50,8,7,33
1:00:00 PM,18,Wednesday,15,7,12,25
1:15:00 PM,18,Wednesday,57,17,14,28
1:30:00 PM,18,Wednesday,47,10,13,13
1:45:00 PM,18,Wednesday,12,4,11,23
2:00:00 PM,18,Wednesday,49,8,4,16
2:15:00 PM,18,Wednesday,55,2,35,21
2:30:00 PM,18,Wednesday,44,9,10,26
2:45:00 PM,18,Wednesday,73,9,28,17
3:00:00 PM,18,Wednesday,36,4,26,12
3:15:00 PM,18,Wednesday,67,1,12,17
3:30:00 PM,18,Wednesday,44,16,17,11
3:45:00 PM,18,Wednesday,145,14,35,10
4:00:00 PM,18,Wednesday,107,10,32,10
4:15:00 PM,18,Wednesday,100,17,31,15
4:30:00 PM,18,Wednesday,126,20,37,10
4:45:00 PM,18,Wednesday,147,23,39,13
5:00:00 PM,18,Wednesday,133,6,18,10
5:15:00 PM,18,Wednesday,147,29,10,18
5:30:00 PM,18,Wednesday,115,11,27,13
5:45:00 PM,18,Wednesday,132,12,19,15
6:00:00 PM,18,Wednesday,106,23,20,13
6:15:00 PM,18,Wednesday,119,28,37,12
6:30:00 PM,18,Wednesday,77,18,10,14
6:45:00 PM,18,Wednesday,89,4,11,12
7:00:00 PM,18,Wednesday,106,5,13,17
7:15:00 PM,18,Wednesday,52,11,18,11
7:30:00 PM,18,Wednesday,84,7,9,19
7:45:00 PM,18,Wednesday,84,15,7,27
8:00:00 PM,18,Wednesday,93,0,11,27
8:15:00 PM,18,Wednesday,73,20,14,31
8:30:00 PM,18,Wednesday,50,16,5,32
8:45:00 PM,18,Wednesday,66,11,20,29
9:00:00 PM,18,Wednesday,63,8,6,13
9:15:00 PM,18,Wednesday,91,20,7,24
9:30:00 PM,18,Wednesday,104,5,12,22
9:45:00 PM,18,Wednesday,6,0,1,27
10:00:00 PM,18,Wednesday,6,2,0,35
10:15:00 PM,18,Wednesday,14,0,0,24
10:30:00 PM,18,Wednesday,15,1,2,27
10:45:00 PM,18,Wednesday,10,0,0,29
11:00:00 PM,18,Wednesday,7,0,2,35
11:15:00 PM,18,Wednesday,7,2,0,30
11:30:00 PM,18,Wednesday,8,2,2,20
11:45:00 PM,18,Wednesday,5,1,2,34
12:00:00 AM,19,Thursday,7,2,1,31
12:15:00 AM,19,Thursday,8,0,2,34
12:30:00 AM,19,Thursday,6,0,1,26
12:45:00 AM,19,Thursday,5,0,0,25
1:00:00 AM,19,Thursday,11,1,1,25
1:15:00 AM,19,Thursday,8,1,2,25
1:30:00 AM,19,Thursday,15,2,2,38
1:45:00 AM,19,Thursday,8,0,2,32
2:00:00 AM,19,Thursday,7,0,0,32
2:15:00 AM,19,Thursday,14,2,1,22
2:30:00 AM,19,Thursday,14,2,2,32
2:45:00 AM,19,Thursday,9,2,2,40
3:00:00 AM,19,Thursday,5,2,0,29
3:15:00 AM,19,Thursday,11,1,1,32
3:30:00 AM,19,Thursday,7,2,2,38
3:45:00 AM,19,Thursday,7,0,1,33
4:00:00 AM,19,Thursday,65,9,2,19
4:15:00 AM,19,Thursday,50,0,7,22
4:30:00 AM,19,Thursday,61,7,1,14
4:45:00 AM,19,Thursday,77,6,3,28
5:00:00 AM,19,Thursday,80,7,3,28
5:15:00 AM,19,Thursday,66,1,4,25
5:30:00 AM,19,Thursday,89,3,5,21
5:45:00 AM,19,Thursday,87,25,13,13
6:00:00 AM,19,Thursday,94,26,24,10
6:15:00 AM,19,Thursday,116,20,11,11
6:30:00 AM,19,Thursday,127,20,13,14
6:45:00 AM,19,Thursday,130,13,14,13
7:00:00 AM,19,Thursday,86,12,13,14
7:15:00 AM,19,Thursday,116,11,22,14
7:30:00 AM,19,Thursday,115,13,13,8
7:45:00 AM,19,Thursday,99,14,24,12
8:00:00 AM,19,Thursday,86,23,20,13
8:15:00 AM,19,Thursday,81,25,19,8
8:30:00 AM,19,Thursday,113,10,15,11
8:45:00 AM,19,Thursday,147,18,20,5
9:00:00 AM,19,Thursday,49,6,26,16
9:15:00 AM,19,Thursday,79,5,13,19
9:30:00 AM,19,Thursday,32,5,26,17
9:45:00 AM,19,Thursday,51,15,9,13
10:00:00 AM,19,Thursday,33,10,25,17
10:15:00 AM,19,Thursday,49,7,15,6
10:30:00 AM,19,Thursday,54,13,5,6
10:45:00 AM,19,Thursday,28,1,6,32
11:00:00 AM,19,Thursday,43,0,5,33
11:15:00 AM,19,Thursday,52,2,12,30
11:30:00 AM,19,Thursday,25,7,8,25
11:45:00 AM,19,Thursday,28,8,12,30
12:00:00 PM,19,Thursday,67,0,1,28
12:15:00 PM,19,Thursday,58,9,3,26
12:30:00 PM,19,Thursday,53,1,13,32
12:45:00 PM,19,Thursday,63,6,7,31
1:00:00 PM,19,Thursday,42,2,34,27
1:15:00 PM,19,Thursday,27,8,10,12
1:30:00 PM,19,Thursday,78,5,5,25
1:45:00 PM,19,Thursday,93,0,5,16
2:00:00 PM,19,Thursday,66,18,29,10
2:15:00 PM,19,Thursday,42,20,18,22
2:30:00 PM,19,Thursday,63,3,29,15
2:45:00 PM,19,Thursday,13,20,9,27
3:00:00 PM,19,Thursday,55,1,28,16
3:15:00 PM,19,Thursday,67,4,23,14
3:30:00 PM,19,Thursday,65,6,0,26
3:45:00 PM,19,Thursday,141,6,33,12
4:00:00 PM,19,Thursday,145,13,19,10
4:15:00 PM,19,Thursday,103,29,11,16
4:30:00 PM,19,Thursday,112,20,10,19
4:45:00 PM,19,Thursday,101,11,38,18
5:00:00 PM,19,Thursday,142,28,34,20
5:15:00 PM,19,Thursday,124,21,13,11
5:30:00 PM,19,Thursday,115,22,15,19
5:45:00 PM,19,Thursday,103,28,17,17
6:00:00 PM,19,Thursday,104,16,15,18
6:15:00 PM,19,Thursday,141,20,12,16
6:30:00 PM,19,Thursday,72,19,11,23
6:45:00 PM,19,Thursday,67,10,19,34
7:00:00 PM,19,Thursday,56,7,18,34
7:15:00 PM,19,Thursday,99,13,16,34
7:30:00 PM,19,Thursday,103,19,8,30
7:45:00 PM,19,Thursday,58,7,9,26
8:00:00 PM,19,Thursday,59,7,14,28
8:15:00 PM,19,Thursday,94,20,12,20
8:30:00 PM,19,Thursday,83,15,16,18
8:45:00 PM,19,Thursday,89,1,18,14
9:00:00 PM,19,Thursday,52,13,16,13
9:15:00 PM,19,Thursday,53,15,5,22
9:30:00 PM,19,Thursday,60,0,14,11
9:45:00 PM,19,Thursday,10,2,0,37
10:00:00 PM,19,Thursday,11,1,2,33
10:15:00 PM,19,Thursday,5,0,0,40
10:30:00 PM,19,Thursday,11,1,0,31
10:45:00 PM,19,Thursday,14,2,0,24
11:00:00 PM,19,Thursday,10,0,2,26
11:15:00 PM,19,Thursday,13,0,2,36
11:30:00 PM,19,Thursday,9,1,1,29
11:45:00 PM,19,Thursday,10,0,2,22
12:00:00 AM,20,Friday,13,2,0,26
12:15:00 AM,20,Friday,7,2,1,21
12:30:00 AM,20,Friday,8,1,0,40
12:45:00 AM,20,Friday,10,2,0,20
1:00:00 AM,20,Friday,13,0,2,22
1:15:00 AM,20,Friday,15,2,1,40
1:30:00 AM,20,Friday,10,2,0,23
1:45:00 AM,20,Friday,7,0,2,37
2:00:00 AM,20,Friday,12,2,0,33
2:15:00 AM,20,Friday,9,2,2,23
2:30:00 AM,20,Friday,12,1,0,33
2:45:00 AM,20,Friday,11,0,0,34
3:00:00 AM,20,Friday,12,2,2,22
3:15:00 AM,20,Friday,6,0,1,26
3:30:00 AM,20,Friday,9,0,1,37
3:45:00 AM,20,Friday,6,0,0,21
4:00:00 AM,20,Friday,75,0,0,54
4:15:00 AM,20,Friday,60,9,2,50
4:30:00 AM,20,Friday,57,1,0,44
4:45:00 AM,20,Friday,64,10,5,26
5:00:00 AM,20,Friday,73,6,0,53
5:15:00 AM,20,Friday,62,6,4,39
5:30:00 AM,20,Friday,80,2,5,25
5:45:00 AM,20,Friday,25,6,5,40
6:00:00 AM,20,Friday,73,6,3,43
6:15:00 AM,20,Friday,78,0,3,53
6:30:00 AM,20,Friday,32,6,4,27
6:45:00 AM,20,Friday,57,5,1,49
7:00:00 AM,20,Friday,36,2,3,60
7:15:00 AM,20,Friday,49,5,5,26
7:30:00 AM,20,Friday,70,9,0,28
7:45:00 AM,20,Friday,65,6,4,44
8:00:00 AM,20,Friday,53,8,0,40
8:15:00 AM,20,Friday,38,7,1,35
8:30:00 AM,20,Friday,68,10,5,55
8:45:00 AM,20,Friday,69,7,3,25
9:00:00 AM,20,Friday,136,49,19,10
9:15:00 AM,20,Friday,128,21,6,5
9:30:00 AM,20,Friday,138,37,15,7
9:45:00 AM,20,Friday,142,34,9,10
10:00:00 AM,20,Friday,109,23,19,8
10:15:00 AM,20,Friday,103,24,16,10
10:30:00 AM,20,Friday,140,34,6,7
10:45:00 AM,20,Friday,100,24,8,5
11:00:00 AM,20,Friday,128,24,20,7
11:15:00 AM,20,Friday,124,26,16,5
11:30:00 AM,20,Friday,150,44,13,7
11:45:00 AM,20,Friday,146,21,12,5
12:00:00 PM,20,Friday,146,50,13,9
12:15:00 PM,20,Friday,121,38,19,9
12:30:00 PM,20,Friday,150,42,20,5
12:45:00 PM,20,Friday,101,22,10,10
1:00:00 PM,20,Friday,127,22,9,7
1:15:00 PM,20,Friday,118,31,13,10
1:30:00 PM,20,Friday,106,47,12,9
1:45:00 PM,20,Friday,136,33,16,5
2:00:00 PM,20,Friday,114,25,20,7
2:15:00 PM,20,Friday,135,33,8,9
2:30:00 PM,20,Friday,125,33,12,10
2:45:00 PM,20,Friday,150,45,20,9
3:00:00 PM,20,Friday,85,14,2,9
3:15:00 PM,20,Friday,62,8,8,15
3:30:00 PM,20,Friday,68,9,15,15
3:45:00 PM,20,Friday,54,6,7,16
4:00:00 PM,20,Friday,70,5,7,14
4:15:00 PM,20,Friday,77,8,10,6
4:30:00 PM,20,Friday,90,6,15,17
4:45:00 PM,20,Friday,74,13,0,16
5:00:00 PM,20,Friday,74,9,2,11
5:15:00 PM,20,Friday,62,5,2,20
5:30:00 PM,20,Friday,66,12,8,16
5:45:00 PM,20,Friday,80,5,11,13
6:00:00 PM,20,Friday,75,13,15,12
6:15:00 PM,20,Friday,77,12,9,20
6:30:00 PM,20,Friday,84,10,3,15
6:45:00 PM,20,Friday,52,7,2,19
7:00:00 PM,20,Friday,32,2,0,32
7:15:00 PM,20,Friday,37,4,5,33
7:30:00 PM,20,Friday,39,1,5,29
7:45:00 PM,20,Friday,34,1,4,35
8:00:00 PM,20,Friday,43,3,2,41
8:15:00 PM,20,Friday,22,1,4,43
8:30:00 PM,20,Friday,43,4,1,27
8:45:00 PM,20,Friday,46,1,0,35
9:00:00 PM,20,Friday,42,2,5,42
9:15:00 PM,20,Friday,20,5,3,39
9:30:00 PM,20,Friday,40,5,3,26
9:45:00 PM,20,Friday,5,0,2,39
10:00:00 PM,20,Friday,13,2,0,20
10:15:00 PM,20,Friday,13,2,0,24
10:30:00 PM,20,Friday,6,0,1,22
10:45:00 PM,20,Friday,6,1,1,34
11:00:00 PM,20,Friday,5,0,2,27
11:15:00 PM,20,Friday,12,1,2,25
11:30:00 PM,20,Friday,11,1,2,35
11:45:00 PM,20,Friday,15,2,1,34
12:00:00 AM,21,Saturday,9,2,1,36
12:15:00 AM,21,Saturday,12,0,2,32
12:30:00 AM,21,Saturday,7,2,2,23
12:45:00 AM,21,Saturday,12,1,1,33
1:00:00 AM,21,Saturday,5,0,2,30
1:15:00 AM,21,Saturday,12,1,2,27
1:30:00 AM,21,Saturday,12,1,1,30
1:45:00 AM,21,Saturday,15,1,0,34
2:00:00 AM,21,Saturday,15,2,2,31
2:15:00 AM,21,Saturday,13,0,1,29
2:30:00 AM,21,Saturday,6,2,1,27
2:45:00 AM,21,Saturday,13,0,0,30
3:00:00 AM,21,Saturday,7,1,0,22
3:15:00 AM,21,Saturday,8,1,0,28
3:30:00 AM,21,Saturday,13,0,1,27
3:45:00 AM,21,Saturday,6,1,0,33
4:00:00 AM,21,Saturday,66,2,5,13
4:15:00 AM,21,Saturday,86,3,5,22
4:30:00 AM,21,Saturday,87,4,1,10
4:45:00 AM,21,Saturday,68,3,7,25
5:00:00 AM,21,Saturday,51,0,2,27
5:15:00 AM,21,Saturday,70,3,3,15
5:30:00 AM,21,Saturday,74,2,2,26
5:45:00 AM,21,Saturday,150,30,20,13
6:00:00 AM,21,Saturday,89,21,18,8
6:15:00 AM,21,Saturday,114,18,23,6
6:30:00 AM,21,Saturday,81,19,18,12
6:45:00 AM,21,Saturday,94,24,10,13
7:00:00 AM,21,Saturday,136,12,22,5
7:15:00 AM,21,Saturday,125,17,12,8
7:30:00 AM,21,Saturday,109,16,15,11
7:45:00 AM,21,Saturday,84,15,25,14
8:00:00 AM,21,Saturday,138,19,24,6
8:15:00 AM,21,Saturday,121,17,10,14
8:30:00 AM,21,Saturday,125,27,20,14
8:45:00 AM,21,Saturday,132,25,14,14
9:00:00 AM,21,Saturday,62,6,23,18
9:15:00 AM,21,Saturday,40,5,5,10
9:30:00 AM,21,Saturday,61,14,23,15
9:45:00 AM,21,Saturday,36,6,24,20
10:00:00 AM,21,Saturday,80,8,18,5
10:15:00 AM,21,Saturday,52,5,15,12
10:30:00 AM,21,Saturday,80,9,19,17
10:45:00 AM,21,Saturday,69,9,1,25
11:00:00 AM,21,Saturday,21,9,1,26
11:15:00 AM,21,Saturday,42,8,3,27
11:30:00 AM,21,Saturday,55,10,4,30
11:45:00 AM,21,Saturday,61,10,3,31
12:00:00 PM,21,Saturday,70,3,7,33
12:15:00 PM,21,Saturday,56,4,13,34
12:30:00 PM,21,Saturday,50,2,13,33
12:45:00 PM,21,Saturday,24,5,11,27
1:00:00 PM,21,Saturday,65,6,14,27
1:15:00 PM,21,Saturday,74,3,32,27
1:30:00 PM,21,Saturday,33,14,33,28
1:45:00 PM,21,Saturday,16,20,1,14
2:00:00 PM,21,Saturday,32,9,5,30
2:15:00 PM,21,Saturday,37,13,23,12
2:30:00 PM,21,Saturday,63,5,5,30
2:45:00 PM,21,Saturday,60,12,20,17
3:00:00 PM,21,Saturday,54,18,22,26
3:15:00 PM,21,Saturday,82,10,10,17
3:30:00 PM,21,Saturday,83,19,7,17
3:45:00 PM,21,Saturday,127,8,18,10
4:00:00 PM,21,Saturday,136,12,37,18
4:15:00 PM,21,Saturday,105,17,34,16
4:30:00 PM,21,Saturday,133,14,37,13
4:45:00 PM,21,Saturday,132,19,32,17
5:00:00 PM,21,Saturday,129,7,22,19
5:15:00 PM,21,Saturday,107,12,26,19
5:30:00 PM,21,Saturday,133,16,28,17
5:45:00 PM,21,Saturday,114,17,28,18
6:00:00 PM,21,Saturday,134,5,27,15
6:15:00 PM,21,Saturday,103,14,39,20
6:30:00 PM,21,Saturday,68,20,9,22
6:45:00 PM,21,Saturday,107,10,20,35
7:00:00 PM,21,Saturday,81,5,13,23
7:15:00 PM,21,Saturday,93,17,17,15
7:30:00 PM,21,Saturday,78,9,7,12
7:45:00 PM,21,Saturday,84,16,14,28
8:00:00 PM,21,Saturday,79,5,15,16
8:15:00 PM,21,Saturday,102,16,12,17
8:30:00 PM,21,Saturday,87,7,5,11
8:45:00 PM,21,Saturday,50,4,9,19
9:00:00 PM,21,Saturday,95,0,5,11
9:15:00 PM,21,Saturday,65,10,8,29
9:30:00 PM,21,Saturday,55,8,18,24
9:45:00 PM,21,Saturday,13,2,2,28
10:00:00 PM,21,Saturday,6,1,1,31
10:15:00 PM,21,Saturday,10,1,2,31
10:30:00 PM,21,Saturday,13,1,1,40
10:45:00 PM,21,Saturday,14,2,2,30
11:00:00 PM,21,Saturday,6,1,0,39
11:15:00 PM,21,Saturday,15,0,2,29
11:30:00 PM,21,Saturday,8,2,2,24
11:45:00 PM,21,Saturday,8,0,2,37
12:00:00 AM,22,Sunday,11,0,1,24
12:15:00 AM,22,Sunday,8,1,1,27
12:30:00 AM,22,Sunday,6,1,1,33
12:45:00 AM,22,Sunday,5,0,2,40
1:00:00 AM,22,Sunday,8,2,1,35
1:15:00 AM,22,Sunday,14,0,0,34
1:30:00 AM,22,Sunday,14,1,1,21
1:45:00 AM,22,Sunday,6,2,2,38
2:00:00 AM,22,Sunday,8,2,2,36
2:15:00 AM,22,Sunday,6,1,1,21
2:30:00 AM,22,Sunday,6,0,2,40
2:45:00 AM,22,Sunday,15,1,1,37
3:00:00 AM,22,Sunday,15,0,1,36
3:15:00 AM,22,Sunday,10,2,2,31
3:30:00 AM,22,Sunday,8,1,2,38
3:45:00 AM,22,Sunday,10,0,1,35
4:00:00 AM,22,Sunday,58,2,1,19
4:15:00 AM,22,Sunday,70,4,0,14
4:30:00 AM,22,Sunday,72,8,4,18
4:45:00 AM,22,Sunday,88,8,1,28
5:00:00 AM,22,Sunday,57,10,4,26
5:15:00 AM,22,Sunday,61,7,6,24
5:30:00 AM,22,Sunday,65,6,4,27
5:45:00 AM,22,Sunday,131,30,19,5
6:00:00 AM,22,Sunday,117,21,21,11
6:15:00 AM,22,Sunday,145,26,14,9
6:30:00 AM,22,Sunday,85,16,16,6
6:45:00 AM,22,Sunday,92,19,24,5
7:00:00 AM,22,Sunday,130,19,13,9
7:15:00 AM,22,Sunday,84,12,19,15
7:30:00 AM,22,Sunday,115,17,19,13
7:45:00 AM,22,Sunday,119,17,15,12
8:00:00 AM,22,Sunday,99,20,14,14
8:15:00 AM,22,Sunday,102,30,24,6
8:30:00 AM,22,Sunday,86,29,10,5
8:45:00 AM,22,Sunday,128,25,13,10
9:00:00 AM,22,Sunday,40,12,20,12
9:15:00 AM,22,Sunday,56,7,15,12
9:30:00 AM,22,Sunday,46,9,10,15
9:45:00 AM,22,Sunday,49,6,11,14
10:00:00 AM,22,Sunday,62,6,19,15
10:15:00 AM,22,Sunday,42,6,16,7
10:30:00 AM,22,Sunday,45,11,5,20
10:45:00 AM,22,Sunday,21,0,5,27
11:00:00 AM,22,Sunday,38,7,4,26
11:15:00 AM,22,Sunday,25,10,12,27
11:30:00 AM,22,Sunday,36,0,8,28
11:45:00 AM,22,Sunday,41,7,7,30
12:00:00 PM,22,Sunday,64,0,1,26
12:15:00 PM,22,Sunday,62,3,6,29
12:30:00 PM,22,Sunday,66,10,13,35
12:45:00 PM,22,Sunday,34,5,7,26
1:00:00 PM,22,Sunday,84,3,0,12
1:15:00 PM,22,Sunday,18,2,30,10
1:30:00 PM,22,Sunday,40,9,17,25
1:45:00 PM,22,Sunday,68,18,13,24
2:00:00 PM,22,Sunday,56,18,22,21
2:15:00 PM,22,Sunday,28,4,29,17
2:30:00 PM,22,Sunday,18,0,27,12
2:45:00 PM,22,Sunday,77,16,33,16
3:00:00 PM,22,Sunday,67,8,32,11
3:15:00 PM,22,Sunday,33,9,33,24
3:30:00 PM,22,Sunday,77,6,9,18
3:45:00 PM,22,Sunday,104,5,14,15
4:00:00 PM,22,Sunday,130,17,27,10
4:15:00 PM,22,Sunday,149,17,11,19
4:30:00 PM,22,Sunday,132,20,39,15
4:45:00 PM,22,Sunday,147,24,34,18
5:00:00 PM,22,Sunday,111,11,14,14
5:15:00 PM,22,Sunday,136,19,37,14
5:30:00 PM,22,Sunday,120,5,34,18
5:45:00 PM,22,Sunday,126,16,15,20
6:00:00 PM,22,Sunday,125,5,34,18
6:15:00 PM,22,Sunday,128,6,13,19
6:30:00 PM,22,Sunday,99,14,5,30
6:45:00 PM,22,Sunday,107,20,6,20
7:00:00 PM,22,Sunday,104,3,12,20
7:15:00 PM,22,Sunday,61,8,17,10
7:30:00 PM,22,Sunday,78,10,13,23
7:45:00 PM,22,Sunday,51,4,8,11
8:00:00 PM,22,Sunday,84,3,20,16
8:15:00 PM,22,Sunday,99,1,17,12
8:30:00 PM,22,Sunday,88,20,15,35
8:45:00 PM,22,Sunday,97,4,13,10
9:00:00 PM,22,Sunday,94,3,5,33
9:15:00 PM,22,Sunday,68,1,13,32
9:30:00 PM,22,Sunday,73,9,19,27
9:45:00 PM,22,Sunday,10,2,1,28
10:00:00 PM,22,Sunday,7,1,1,39
10:15:00 PM,22,Sunday,6,1,2,36
10:30:00 PM,22,Sunday,15,1,1,26
10:45:00 PM,22,Sunday,8,0,2,39
11:00:00 PM,22,Sunday,8,1,1,22
11:15:00 PM,22,Sunday,5,0,0,28
11:30:00 PM,22,Sunday,5,2,0,29
11:45:00 PM,22,Sunday,11,2,1,35
12:00:00 AM,23,Monday,15,1,0,37
12:15:00 AM,23,Monday,11,0,0,23
12:30:00 AM,23,Monday,7,1,2,22
12:45:00 AM,23,Monday,14,1,0,36
1:00:00 AM,23,Monday,12,2,2,36
1:15:00 AM,23,Monday,6,1,1,38
1:30:00 AM,23,Monday,8,2,1,34
1:45:00 AM,23,Monday,14,0,2,32
2:00:00 AM,23,Monday,6,1,1,21
2:15:00 AM,23,Monday,13,1,2,36
2:30:00 AM,23,Monday,9,2,0,39
2:45:00 AM,23,Monday,6,1,1,37
3:00:00 AM,23,Monday,8,2,1,27
3:15:00 AM,23,Monday,7,1,2,23
3:30:00 AM,23,Monday,5,1,1,21
3:45:00 AM,23,Monday,5,2,1,35
4:00:00 AM,23,Monday,63,10,5,13
4:15:00 AM,23,Monday,72,3,2,13
4:30:00 AM,23,Monday,56,5,7,24
4:45:00 AM,23,Monday,83,0,6,14
5:00:00 AM,23,Monday,88,0,2,15
5:15:00 AM,23,Monday,55,9,2,14
5:30:00 AM,23,Monday,86,1,4,11
5:45:00 AM,23,Monday,81,25,12,5
6:00:00 AM,23,Monday,104,18,14,9
6:15:00 AM,23,Monday,101,30,22,15
6:30:00 AM,23,Monday,123,30,20,8
6:45:00 AM,23,Monday,94,30,24,8
7:00:00 AM,23,Monday,142,10,16,8
7:15:00 AM,23,Monday,108,11,22,8
7:30:00 AM,23,Monday,100,25,19,5
7:45:00 AM,23,Monday,84,25,24,5
8:00:00 AM,23,Monday,125,19,23,7
8:15:00 AM,23,Monday,111,27,25,5
8:30:00 AM,23,Monday,110,21,23,5
8:45:00 AM,23,Monday,94,26,20,15
9:00:00 AM,23,Monday,55,10,5,8
9:15:00 AM,23,Monday,78,11,7,16
9:30:00 AM,23,Monday,50,11,13,15
9:45:00 AM,23,Monday,63,14,27,14
10:00:00 AM,23,Monday,76,11,9,17
10:15:00 AM,23,Monday,56,6,26,5
10:30:00 AM,23,Monday,32,13,8,11
10:45:00 AM,23,Monday,47,7,8,29
11:00:00 AM,23,Monday,30,9,0,31
11:15:00 AM,23,Monday,46,2,4,31
11:30:00 AM,23,Monday,52,2,5,29
11:45:00 AM,23,Monday,20,3,12,29
12:00:00 PM,23,Monday,47,2,10,28
12:15:00 PM,23,Monday,28,10,11,34
12:30:00 PM,23,Monday,54,2,11,26
12:45:00 PM,23,Monday,20,6,1,34
1:00:00 PM,23,Monday,53,13,7,15
1:15:00 PM,23,Monday,30,5,31,18
1:30:00 PM,23,Monday,72,15,6,10
1:45:00 PM,23,Monday,69,5,35,23
2:00:00 PM,23,Monday,38,15,8,15
2:15:00 PM,23,Monday,41,8,5,14
2:30:00 PM,23,Monday,8,8,29,30
2:45:00 PM,23,Monday,9,20,3,27
3:00:00 PM,23,Monday,58,9,24,18
3:15:00 PM,23,Monday,99,10,10,10
3:30:00 PM,23,Monday,40,18,9,20
3:45:00 PM,23,Monday,118,9,29,18
4:00:00 PM,23,Monday,104,27,15,10
4:15:00 PM,23,Monday,131,29,15,18
4:30:00 PM,23,Monday,128,14,22,20
4:45:00 PM,23,Monday,110,18,19,14
5:00:00 PM,23,Monday,116,26,22,18
5:15:00 PM,23,Monday,140,26,31,16
5:30:00 PM,23,Monday,141,27,23,16
5:45:00 PM,23,Monday,147,17,20,19
6:00:00 PM,23,Monday,137,23,25,10
6:15:00 PM,23,Monday,115,18,24,20
6:30:00 PM,23,Monday,83,3,12,27
6:45:00 PM,23,Monday,55,9,5,10
7:00:00 PM,23,Monday,99,16,14,35
7:15:00 PM,23,Monday,57,16,8,26
7:30:00 PM,23,Monday,65,11,17,28
7:45:00 PM,23,Monday,52,1,14,35
8:00:00 PM,23,Monday,60,8,9,27
8:15:00 PM,23,Monday,109,17,9,17
8:30:00 PM,23,Monday,71,6,20,33
8:45:00 PM,23,Monday,105,12,17,31
9:00:00 PM,23,Monday,72,18,18,25
9:15:00 PM,23,Monday,107,8,6,25
9:30:00 PM,23,Monday,86,13,14,20
9:45:00 PM,23,Monday,5,2,1,35
10:00:00 PM,23,Monday,13,2,1,40
10:15:00 PM,23,Monday,13,0,2,33
10:30:00 PM,23,Monday,14,2,2,27
10:45:00 PM,23,Monday,7,2,1,27
11:00:00 PM,23,Monday,14,2,2,28
11:15:00 PM,23,Monday,7,1,0,29
11:30:00 PM,23,Monday,9,1,0,36
11:45:00 PM,23,Monday,7,1,0,27
12:00:00 AM,24,Tuesday,9,2,1,26
12:15:00 AM,24,Tuesday,14,1,2,34
12:30:00 AM,24,Tuesday,13,2,2,21
12:45:00 AM,24,Tuesday,6,0,0,21
1:00:00 AM,24,Tuesday,5,1,1,28
1:15:00 AM,24,Tuesday,14,0,0,31
1:30:00 AM,24,Tuesday,8,0,1,39
1:45:00 AM,24,Tuesday,6,2,2,24
2:00:00 AM,24,Tuesday,9,1,0,33
2:15:00 AM,24,Tuesday,11,1,2,40
2:30:00 AM,24,Tuesday,15,0,2,22
2:45:00 AM,24,Tuesday,5,2,0,39
3:00:00 AM,24,Tuesday,8,1,0,39
3:15:00 AM,24,Tuesday,9,2,2,31
3:30:00 AM,24,Tuesday,6,2,1,31
3:45:00 AM,24,Tuesday,6,2,0,39
4:00:00 AM,24,Tuesday,78,0,2,17
4:15:00 AM,24,Tuesday,77,7,6,28
4:30:00 AM,24,Tuesday,72,3,2,29
4:45:00 AM,24,Tuesday,87,2,3,21
5:00:00 AM,24,Tuesday,50,5,2,17
5:15:00 AM,24,Tuesday,79,9,5,14
5:30:00 AM,24,Tuesday,58,1,5,20
5:45:00 AM,24,Tuesday,94,12,16,8
6:00:00 AM,24,Tuesday,114,23,23,9
6:15:00 AM,24,Tuesday,94,24,23,6
6:30:00 AM,24,Tuesday,137,14,13,13
6:45:00 AM,24,Tuesday,80,17,24,10
7:00:00 AM,24,Tuesday,90,14,10,9
7:15:00 AM,24,Tuesday,105,10,14,15
7:30:00 AM,24,Tuesday,104,17,23,5
7:45:00 AM,24,Tuesday,135,30,17,10
8:00:00 AM,24,Tuesday,118,25,18,9
8:15:00 AM,24,Tuesday,96,13,21,6
8:30:00 AM,24,Tuesday,142,13,11,10
8:45:00 AM,24,Tuesday,128,30,15,14
9:00:00 AM,24,Tuesday,80,11,22,9
9:15:00 AM,24,Tuesday,79,13,21,15
9:30:00 AM,24,Tuesday,34,5,29,8
9:45:00 AM,24,Tuesday,58,14,5,5
10:00:00 AM,24,Tuesday,42,6,23,17
10:15:00 AM,24,Tuesday,63,9,19,18
10:30:00 AM,24,Tuesday,62,9,18,12
10:45:00 AM,24,Tuesday,44,7,11,32
11:00:00 AM,24,Tuesday,49,4,5,29
11:15:00 AM,24,Tuesday,67,10,1,33
11:30:00 AM,24,Tuesday,68,5,0,34
11:45:00 AM,24,Tuesday,23,5,10,32
12:00:00 PM,24,Tuesday,69,5,2,33
12:15:00 PM,24,Tuesday,37,9,2,34
12:30:00 PM,24,Tuesday,24,1,6,30
12:45:00 PM,24,Tuesday,60,1,4,29
1:00:00 PM,24,Tuesday,59,10,29,18
1:15:00 PM,24,Tuesday,69,4,20,14
1:30:00 PM,24,Tuesday,7,11,1,12
1:45:00 PM,24,Tuesday,20,13,16,10
2:00:00 PM,24,Tuesday,61,16,1,14
2:15:00 PM,24,Tuesday,42,17,11,30
2:30:00 PM,24,Tuesday,28,11,32,14
2:45:00 PM,24,Tuesday,30,14,29,23
3:00:00 PM,24,Tuesday,36,1,24,21
3:15:00 PM,24,Tuesday,82,4,9,24
3:30:00 PM,24,Tuesday,72,2,27,16
3:45:00 PM,24,Tuesday,119,28,17,18
4:00:00 PM,24,Tuesday,124,26,26,15
4:15:00 PM,24,Tuesday,123,27,23,13
4:30:00 PM,24,Tuesday,129,20,32,20
4:45:00 PM,24,Tuesday,143,6,38,13
5:00:00 PM,24,Tuesday,109,9,28,19
5:15:00 PM,24,Tuesday,119,29,25,11
5:30:00 PM,24,Tuesday,120,19,16,16
5:45:00 PM,24,Tuesday,133,24,17,18
6:00:00 PM,24,Tuesday,132,23,29,13
6:15:00 PM,24,Tuesday,102,11,15,18
6:30:00 PM,24,Tuesday,73,8,10,21
6:45:00 PM,24,Tuesday,57,17,13,21
7:00:00 PM,24,Tuesday,94,17,7,17
7:15:00 PM,24,Tuesday,75,18,17,29
7:30:00 PM,24,Tuesday,58,15,17,16
7:45:00 PM,24,Tuesday,67,18,11,23
8:00:00 PM,24,Tuesday,59,14,9,10
8:15:00 PM,24,Tuesday,78,4,11,17
8:30:00 PM,24,Tuesday,106,13,18,29
8:45:00 PM,24,Tuesday,56,20,6,32
9:00:00 PM,24,Tuesday,59,0,11,35
9:15:00 PM,24,Tuesday,75,19,13,32
9:30:00 PM,24,Tuesday,85,6,5,21
9:45:00 PM,24,Tuesday,14,2,2,22
10:00:00 PM,24,Tuesday,8,2,0,22
10:15:00 PM,24,Tuesday,15,2,0,20
10:30:00 PM,24,Tuesday,8,1,1,38
10:45:00 PM,24,Tuesday,14,2,0,23
11:00:00 PM,24,Tuesday,15,1,2,35
11:15:00 PM,24,Tuesday,14,2,1,31
11:30:00 PM,24,Tuesday,9,1,0,32
11:45:00 PM,24,Tuesday,12,1,0,24
12:00:00 AM,25,Wednesday,11,1,2,29
12:15:00 AM,25,Wednesday,7,0,1,27
12:30:00 AM,25,Wednesday,14,0,2,35
12:45:00 AM,25,Wednesday,10,1,1,38
1:00:00 AM,25,Wednesday,10,1,0,27
1:15:00 AM,25,Wednesday,13,0,1,34
1:30:00 AM,25,Wednesday,13,1,1,20
1:45:00 AM,25,Wednesday,15,1,0,32
2:00:00 AM,25,Wednesday,7,0,0,32
2:15:00 AM,25,Wednesday,13,0,2,37
2:30:00 AM,25,Wednesday,8,0,0,39
2:45:00 AM,25,Wednesday,11,1,2,37
3:00:00 AM,25,Wednesday,11,0,0,37
3:15:00 AM,25,Wednesday,10,1,2,26
3:30:00 AM,25,Wednesday,15,1,1,36
3:45:00 AM,25,Wednesday,9,0,2,34
4:00:00 AM,25,Wednesday,60,3,6,23
4:15:00 AM,25,Wednesday,51,7,3,22
4:30:00 AM,25,Wednesday,60,7,2,27
4:45:00 AM,25,Wednesday,65,0,3,25
5:00:00 AM,25,Wednesday,66,4,1,21
5:15:00 AM,25,Wednesday,63,3,5,30
5:30:00 AM,25,Wednesday,72,7,2,20
5:45:00 AM,25,Wednesday,124,16,21,8
6:00:00 AM,25,Wednesday,106,17,22,14
6:15:00 AM,25,Wednesday,91,24,10,15
6:30:00 AM,25,Wednesday,120,10,18,10
6:45:00 AM,25,Wednesday,147,20,25,8
7:00:00 AM,25,Wednesday,126,30,19,8
7:15:00 AM,25,Wednesday,102,19,22,9
7:30:00 AM,25,Wednesday,87,15,25,14
7:45:00 AM,25,Wednesday,118,24,17,15
8:00:00 AM,25,Wednesday,144,18,16,5
8:15:00 AM,25,Wednesday,85,12,23,7
8:30:00 AM,25,Wednesday,81,23,19,12
8:45:00 AM,25,Wednesday,121,16,25,9
9:00:00 AM,25,Wednesday,36,14,17,6
9:15:00 AM,25,Wednesday,80,15,24,11
9:30:00 AM,25,Wednesday,53,12,22,8
9:45:00 AM,25,Wednesday,74,7,8,20
10:00:00 AM,25,Wednesday,53,11,17,13
10:15:00 AM,25,Wednesday,56,6,10,9
10:30:00 AM,25,Wednesday,66,14,18,13
10:45:00 AM,25,Wednesday,68,10,5,31
11:00:00 AM,25,Wednesday,24,1,10,29
11:15:00 AM,25,Wednesday,52,4,10,31
11:30:00 AM,25,Wednesday,35,5,12,34
11:45:00 AM,25,Wednesday,47,1,5,33
12:00:00 PM,25,Wednesday,36,6,2,35
12:15:00 PM,25,Wednesday,61,7,5,26
12:30:00 PM,25,Wednesday,57,10,2,35
12:45:00 PM,25,Wednesday,64,10,9,29
1:00:00 PM,25,Wednesday,31,16,23,10
1:15:00 PM,25,Wednesday,91,2,0,11
1:30:00 PM,25,Wednesday,16,12,26,24
1:45:00 PM,25,Wednesday,58,18,13,25
2:00:00 PM,25,Wednesday,86,16,12,16
2:15:00 PM,25,Wednesday,81,8,20,12
2:30:00 PM,25,Wednesday,6,9,14,29
2:45:00 PM,25,Wednesday,26,0,9,19
3:00:00 PM,25,Wednesday,23,15,7,12
3:15:00 PM,25,Wednesday,79,5,15,13
3:30:00 PM,25,Wednesday,11,7,10,29
3:45:00 PM,25,Wednesday,134,22,29,11
4:00:00 PM,25,Wednesday,128,23,24,16
4:15:00 PM,25,Wednesday,106,22,19,18
4:30:00 PM,25,Wednesday,124,11,30,18
4:45:00 PM,25,Wednesday,134,10,13,19
5:00:00 PM,25,Wednesday,125,17,10,16
5:15:00 PM,25,Wednesday,147,18,13,11
5:30:00 PM,25,Wednesday,100,10,20,16
5:45:00 PM,25,Wednesday,146,17,25,11
6:00:00 PM,25,Wednesday,142,15,34,10
6:15:00 PM,25,Wednesday,130,24,23,10
6:30:00 PM,25,Wednesday,94,15,15,32
6:45:00 PM,25,Wednesday,104,7,6,19
7:00:00 PM,25,Wednesday,93,10,19,26
7:15:00 PM,25,Wednesday,51,8,13,17
7:30:00 PM,25,Wednesday,97,7,7,26
7:45:00 PM,25,Wednesday,93,16,16,28
8:00:00 PM,25,Wednesday,105,17,17,12
8:15:00 PM,25,Wednesday,66,12,20,31
8:30:00 PM,25,Wednesday,56,16,20,28
8:45:00 PM,25,Wednesday,109,20,8,13
9:00:00 PM,25,Wednesday,64,8,14,20
9:15:00 PM,25,Wednesday,83,6,6,35
9:30:00 PM,25,Wednesday,107,16,14,26
9:45:00 PM,25,Wednesday,5,1,0,28
10:00:00 PM,25,Wednesday,5,2,1,20
10:15:00 PM,25,Wednesday,12,1,2,38
10:30:00 PM,25,Wednesday,6,0,1,24
10:45:00 PM,25,Wednesday,5,1,2,21
11:00:00 PM,25,Wednesday,15,2,1,31
11:15:00 PM,25,Wednesday,5,0,0,31
11:30:00 PM,25,Wednesday,8,0,1,29
11:45:00 PM,25,Wednesday,12,1,1,36
12:00:00 AM,26,Thursday,14,1,2,36
12:15:00 AM,26,Thursday,11,2,2,26
12:30:00 AM,26,Thursday,8,2,2,29
12:45:00 AM,26,Thursday,10,1,2,36
1:00:00 AM,26,Thursday,12,1,1,30
1:15:00 AM,26,Thursday,6,1,0,25
1:30:00 AM,26,Thursday,7,1,1,21
1:45:00 AM,26,Thursday,5,2,2,20
2:00:00 AM,26,Thursday,9,2,0,21
2:15:00 AM,26,Thursday,5,1,2,35
2:30:00 AM,26,Thursday,14,0,2,28
2:45:00 AM,26,Thursday,12,1,1,39
3:00:00 AM,26,Thursday,7,0,0,29
3:15:00 AM,26,Thursday,10,2,0,22
3:30:00 AM,26,Thursday,13,1,1,22
3:45:00 AM,26,Thursday,15,1,1,39
4:00:00 AM,26,Thursday,79,3,1,14
4:15:00 AM,26,Thursday,58,3,2,18
4:30:00 AM,26,Thursday,60,8,5,23
4:45:00 AM,26,Thursday,89,1,0,29
5:00:00 AM,26,Thursday,64,4,0,12
5:15:00 AM,26,Thursday,62,5,3,26
5:30:00 AM,26,Thursday,79,7,7,11
5:45:00 AM,26,Thursday,92,12,19,8
6:00:00 AM,26,Thursday,111,27,12,13
6:15:00 AM,26,Thursday,105,25,24,11
6:30:00 AM,26,Thursday,84,26,12,11
6:45:00 AM,26,Thursday,130,19,20,11
7:00:00 AM,26,Thursday,107,16,16,9
7:15:00 AM,26,Thursday,130,15,11,15
7:30:00 AM,26,Thursday,139,28,17,5
7:45:00 AM,26,Thursday,91,17,25,14
8:00:00 AM,26,Thursday,139,22,16,5
8:15:00 AM,26,Thursday,141,11,19,7
8:30:00 AM,26,Thursday,116,29,14,12
8:45:00 AM,26,Thursday,80,17,20,13
9:00:00 AM,26,Thursday,59,10,23,19
9:15:00 AM,26,Thursday,76,15,25,5
9:30:00 AM,26,Thursday,42,10,15,7
9:45:00 AM,26,Thursday,31,5,27,10
10:00:00 AM,26,Thursday,40,12,26,11
10:15:00 AM,26,Thursday,72,15,7,19
10:30:00 AM,26,Thursday,37,8,15,15
10:45:00 AM,26,Thursday,54,6,0,27
11:00:00 AM,26,Thursday,21,0,1,25
11:15:00 AM,26,Thursday,70,9,6,30
11:30:00 AM,26,Thursday,38,3,2,33
11:45:00 AM,26,Thursday,23,0,1,32
12:00:00 PM,26,Thursday,38,5,11,33
12:15:00 PM,26,Thursday,57,9,1,31
12:30:00 PM,26,Thursday,20,3,3,27
12:45:00 PM,26,Thursday,42,6,9,33
1:00:00 PM,26,Thursday,47,11,21,15
1:15:00 PM,26,Thursday,67,8,22,22
1:30:00 PM,26,Thursday,70,8,28,13
1:45:00 PM,26,Thursday,53,7,32,11
2:00:00 PM,26,Thursday,14,19,25,30
2:15:00 PM,26,Thursday,85,16,26,26
2:30:00 PM,26,Thursday,84,11,34,14
2:45:00 PM,26,Thursday,59,14,33,12
3:00:00 PM,26,Thursday,94,3,12,14
3:15:00 PM,26,Thursday,81,18,25,12
3:30:00 PM,26,Thursday,91,12,10,25
3:45:00 PM,26,Thursday,107,23,13,11
4:00:00 PM,26,Thursday,137,20,30,15
4:15:00 PM,26,Thursday,121,14,32,10
4:30:00 PM,26,Thursday,115,26,33,19
4:45:00 PM,26,Thursday,133,25,19,12
5:00:00 PM,26,Thursday,110,10,29,17
5:15:00 PM,26,Thursday,110,20,24,17
5:30:00 PM,26,Thursday,111,26,14,15
5:45:00 PM,26,Thursday,113,20,38,17
6:00:00 PM,26,Thursday,134,13,29,15
6:15:00 PM,26,Thursday,148,14,21,19
6:30:00 PM,26,Thursday,92,15,18,18
6:45:00 PM,26,Thursday,71,2,17,10
7:00:00 PM,26,Thursday,61,0,17,25
7:15:00 PM,26,Thursday,85,6,11,25
7:30:00 PM,26,Thursday,79,11,8,16
7:45:00 PM,26,Thursday,80,17,11,17
8:00:00 PM,26,Thursday,95,5,7,22
8:15:00 PM,26,Thursday,108,1,15,25
8:30:00 PM,26,Thursday,55,20,11,25
8:45:00 PM,26,Thursday,56,8,19,27
9:00:00 PM,26,Thursday,57,14,6,34
9:15:00 PM,26,Thursday,90,11,10,27
9:30:00 PM,26,Thursday,109,20,6,18
9:45:00 PM,26,Thursday,11,2,2,39
10:00:00 PM,26,Thursday,13,1,1,25
10:15:00 PM,26,Thursday,5,2,1,26
10:30:00 PM,26,Thursday,5,1,1,33
10:45:00 PM,26,Thursday,7,2,0,37
11:00:00 PM,26,Thursday,10,2,1,32
11:15:00 PM,26,Thursday,11,0,0,26
11:30:00 PM,26,Thursday,10,0,1,37
11:45:00 PM,26,Thursday,13,1,1,21
12:00:00 AM,27,Friday,5,2,2,32
12:15:00 AM,27,Friday,14,1,1,33
12:30:00 AM,27,Friday,10,0,0,30
12:45:00 AM,27,Friday,15,0,1,38
1:00:00 AM,27,Friday,11,2,0,34
1:15:00 AM,27,Friday,8,2,0,39
1:30:00 AM,27,Friday,8,2,1,40
1:45:00 AM,27,Friday,10,1,2,33
2:00:00 AM,27,Friday,13,1,2,37
2:15:00 AM,27,Friday,5,1,0,38
2:30:00 AM,27,Friday,10,1,1,30
2:45:00 AM,27,Friday,6,1,2,23
3:00:00 AM,27,Friday,6,2,2,22
3:15:00 AM,27,Friday,6,2,0,30
3:30:00 AM,27,Friday,9,2,0,37
3:45:00 AM,27,Friday,11,2,2,34
4:00:00 AM,27,Friday,31,0,4,57
4:15:00 AM,27,Friday,29,2,4,37
4:30:00 AM,27,Friday,76,0,5,40
4:45:00 AM,27,Friday,51,6,5,57
5:00:00 AM,27,Friday,69,1,0,51
5:15:00 AM,27,Friday,42,7,2,47
5:30:00 AM,27,Friday,42,10,1,47
5:45:00 AM,27,Friday,38,8,2,57
6:00:00 AM,27,Friday,25,9,3,39
6:15:00 AM,27,Friday,72,0,4,36
6:30:00 AM,27,Friday,78,8,5,37
6:45:00 AM,27,Friday,45,7,0,35
7:00:00 AM,27,Friday,75,6,2,42
7:15:00 AM,27,Friday,77,7,1,57
7:30:00 AM,27,Friday,34,3,2,47
7:45:00 AM,27,Friday,49,4,2,58
8:00:00 AM,27,Friday,40,4,2,57
8:15:00 AM,27,Friday,44,9,5,56
8:30:00 AM,27,Friday,70,0,2,26
8:45:00 AM,27,Friday,63,7,0,52
9:00:00 AM,27,Friday,126,21,7,6
9:15:00 AM,27,Friday,117,38,11,9
9:30:00 AM,27,Friday,101,41,17,9
9:45:00 AM,27,Friday,125,35,19,7
10:00:00 AM,27,Friday,147,43,10,7
10:15:00 AM,27,Friday,140,22,18,5
10:30:00 AM,27,Friday,142,44,6,6
10:45:00 AM,27,Friday,147,45,8,10
11:00:00 AM,27,Friday,137,26,14,8
11:15:00 AM,27,Friday,129,40,13,5
11:30:00 AM,27,Friday,131,30,9,8
11:45:00 AM,27,Friday,107,40,6,6
12:00:00 PM,27,Friday,102,37,16,7
12:15:00 PM,27,Friday,122,46,15,8
12:30:00 PM,27,Friday,116,30,15,7
12:45:00 PM,27,Friday,136,28,20,9
1:00:00 PM,27,Friday,138,34,15,10
1:15:00 PM,27,Friday,131,21,9,9
1:30:00 PM,27,Friday,129,39,16,5
1:45:00 PM,27,Friday,118,50,18,5
2:00:00 PM,27,Friday,140,40,8,6
2:15:00 PM,27,Friday,137,29,10,9
2:30:00 PM,27,Friday,121,46,5,6
2:45:00 PM,27,Friday,120,25,10,6
3:00:00 PM,27,Friday,72,10,13,17
3:15:00 PM,27,Friday,83,11,9,16
3:30:00 PM,27,Friday,67,6,12,19
3:45:00 PM,27,Friday,75,8,7,8
4:00:00 PM,27,Friday,60,10,6,5
4:15:00 PM,27,Friday,57,13,2,12
4:30:00 PM,27,Friday,77,13,7,12
4:45:00 PM,27,Friday,64,11,0,9
5:00:00 PM,27,Friday,85,12,12,19
5:15:00 PM,27,Friday,88,5,2,5
5:30:00 PM,27,Friday,83,14,4,18
5:45:00 PM,27,Friday,64,6,1,13
6:00:00 PM,27,Friday,62,9,0,18
6:15:00 PM,27,Friday,69,8,0,15
6:30:00 PM,27,Friday,84,15,5,18
6:45:00 PM,27,Friday,70,6,9,8
7:00:00 PM,27,Friday,30,0,1,30
7:15:00 PM,27,Friday,29,3,3,30
7:30:00 PM,27,Friday,27,0,1,33
7:45:00 PM,27,Friday,41,3,3,40
8:00:00 PM,27,Friday,29,3,1,35
8:15:00 PM,27,Friday,38,0,1,28
8:30:00 PM,27,Friday,29,2,1,27
8:45:00 PM,27,Friday,39,4,0,36
9:00:00 PM,27,Friday,27,1,5,31
9:15:00 PM,27,Friday,42,5,5,26
9:30:00 PM,27,Friday,31,1,3,38
9:45:00 PM,27,Friday,7,0,0,35
10:00:00 PM,27,Friday,13,0,1,40
10:15:00 PM,27,Friday,11,2,2,25
10:30:00 PM,27,Friday,11,0,0,31
10:45:00 PM,27,Friday,6,2,2,23
11:00:00 PM,27,Friday,5,2,2,26
11:15:00 PM,27,Friday,13,1,2,26
11:30:00 PM,27,Friday,13,1,2,39
11:45:00 PM,27,Friday,14,2,2,28
12:00:00 AM,28,Saturday,5,0,2,39
12:15:00 AM,28,Saturday,5,1,1,40
12:30:00 AM,28,Saturday,13,2,1,38
12:45:00 AM,28,Saturday,9,1,0,29
1:00:00 AM,28,Saturday,11,0,1,27
1:15:00 AM,28,Saturday,8,0,2,33
1:30:00 AM,28,Saturday,9,0,2,40
1:45:00 AM,28,Saturday,12,1,0,37
2:00:00 AM,28,Saturday,7,2,2,23
2:15:00 AM,28,Saturday,14,1,1,29
2:30:00 AM,28,Saturday,13,1,2,38
2:45:00 AM,28,Saturday,11,2,2,37
3:00:00 AM,28,Saturday,10,2,2,26
3:15:00 AM,28,Saturday,12,0,2,21
3:30:00 AM,28,Saturday,12,2,1,21
3:45:00 AM,28,Saturday,6,2,1,38
4:00:00 AM,28,Saturday,72,6,1,25
4:15:00 AM,28,Saturday,77,5,6,20
4:30:00 AM,28,Saturday,89,10,0,16
4:45:00 AM,28,Saturday,86,1,6,28
5:00:00 AM,28,Saturday,64,1,0,27
5:15:00 AM,28,Saturday,55,3,1,27
5:30:00 AM,28,Saturday,59,0,6,16
5:45:00 AM,28,Saturday,135,13,24,6
6:00:00 AM,28,Saturday,138,21,19,10
6:15:00 AM,28,Saturday,80,10,17,13
6:30:00 AM,28,Saturday,148,24,14,10
6:45:00 AM,28,Saturday,84,25,21,10
7:00:00 AM,28,Saturday,103,19,15,6
7:15:00 AM,28,Saturday,119,13,10,9
7:30:00 AM,28,Saturday,110,16,21,8
7:45:00 AM,28,Saturday,130,18,20,13
8:00:00 AM,28,Saturday,105,27,23,10
8:15:00 AM,28,Saturday,103,30,22,12
8:30:00 AM,28,Saturday,150,12,16,10
8:45:00 AM,28,Saturday,132,15,17,14
9:00:00 AM,28,Saturday,47,6,15,9
9:15:00 AM,28,Saturday,71,10,6,10
9:30:00 AM,28,Saturday,49,10,12,8
9:45:00 AM,28,Saturday,43,6,21,5
10:00:00 AM,28,Saturday,74,15,29,15
10:15:00 AM,28,Saturday,30,6,26,18
10:30:00 AM,28,Saturday,38,15,17,15
10:45:00 AM,28,Saturday,59,2,8,25
11:00:00 AM,28,Saturday,51,8,5,25
11:15:00 AM,28,Saturday,26,9,11,29
11:30:00 AM,28,Saturday,55,7,8,33
11:45:00 AM,28,Saturday,43,4,0,32
12:00:00 PM,28,Saturday,64,1,7,35
12:15:00 PM,28,Saturday,63,8,13,27
12:30:00 PM,28,Saturday,42,8,3,26
12:45:00 PM,28,Saturday,30,7,10,32
1:00:00 PM,28,Saturday,13,20,1,20
1:15:00 PM,28,Saturday,59,19,16,23
1:30:00 PM,28,Saturday,57,14,21,19
1:45:00 PM,28,Saturday,74,11,23,19
2:00:00 PM,28,Saturday,33,3,27,23
2:15:00 PM,28,Saturday,7,6,12,20
2:30:00 PM,28,Saturday,38,7,1,13
2:45:00 PM,28,Saturday,6,9,10,27
3:00:00 PM,28,Saturday,54,6,18,23
3:15:00 PM,28,Saturday,45,16,28,18
3:30:00 PM,28,Saturday,44,3,0,23
3:45:00 PM,28,Saturday,144,21,10,19
4:00:00 PM,28,Saturday,144,24,26,14
4:15:00 PM,28,Saturday,112,26,38,12
4:30:00 PM,28,Saturday,106,9,31,11
4:45:00 PM,28,Saturday,149,27,33,16
5:00:00 PM,28,Saturday,120,30,17,19
5:15:00 PM,28,Saturday,133,15,10,10
5:30:00 PM,28,Saturday,108,14,38,19
5:45:00 PM,28,Saturday,141,24,11,19
6:00:00 PM,28,Saturday,127,15,21,17
6:15:00 PM,28,Saturday,134,20,38,20
6:30:00 PM,28,Saturday,95,16,15,24
6:45:00 PM,28,Saturday,71,4,14,30
7:00:00 PM,28,Saturday,70,7,7,10
7:15:00 PM,28,Saturday,55,13,10,33
7:30:00 PM,28,Saturday,74,19,12,35
7:45:00 PM,28,Saturday,57,4,15,29
8:00:00 PM,28,Saturday,59,11,5,21
8:15:00 PM,28,Saturday,85,8,14,15
8:30:00 PM,28,Saturday,74,20,17,24
8:45:00 PM,28,Saturday,88,19,7,27
9:00:00 PM,28,Saturday,64,18,13,17
9:15:00 PM,28,Saturday,80,18,14,11
9:30:00 PM,28,Saturday,108,7,11,25
9:45:00 PM,28,Saturday,14,1,0,28
10:00:00 PM,28,Saturday,7,1,1,33
10:15:00 PM,28,Saturday,5,1,2,31
10:30:00 PM,28,Saturday,11,2,0,36
10:45:00 PM,28,Saturday,14,2,1,40
11:00:00 PM,28,Saturday,6,0,1,21
11:15:00 PM,28,Saturday,7,0,2,36
11:30:00 PM,28,Saturday,12,2,1,20
11:45:00 PM,28,Saturday,8,2,2,39
12:00:00 AM,29,Sunday,5,1,0,35
12:15:00 AM,29,Sunday,5,2,1,21
12:30:00 AM,29,Sunday,10,0,2,33
12:45:00 AM,29,Sunday,12,0,0,35
1:00:00 AM,29,Sunday,11,0,2,37
1:15:00 AM,29,Sunday,6,0,0,29
1:30:00 AM,29,Sunday,15,2,1,38
1:45:00 AM,29,Sunday,13,1,2,20
2:00:00 AM,29,Sunday,11,2,2,39
2:15:00 AM,29,Sunday,6,1,0,39
2:30:00 AM,29,Sunday,6,0,1,28
2:45:00 AM,29,Sunday,15,2,1,37
3:00:00 AM,29,Sunday,11,2,2,24
3:15:00 AM,29,Sunday,5,0,0,21
3:30:00 AM,29,Sunday,8,0,0,20
3:45:00 AM,29,Sunday,8,1,2,29
4:00:00 AM,29,Sunday,54,8,7,16
4:15:00 AM,29,Sunday,64,0,1,25
4:30:00 AM,29,Sunday,55,2,6,24
4:45:00 AM,29,Sunday,86,4,5,20
5:00:00 AM,29,Sunday,51,10,3,28
5:15:00 AM,29,Sunday,81,8,5,12
5:30:00 AM,29,Sunday,73,1,3,23
5:45:00 AM,29,Sunday,104,29,19,13
6:00:00 AM,29,Sunday,122,17,21,9
6:15:00 AM,29,Sunday,94,21,15,7
6:30:00 AM,29,Sunday,141,30,22,11
6:45:00 AM,29,Sunday,93,12,25,7
7:00:00 AM,29,Sunday,123,29,13,7
7:15:00 AM,29,Sunday,131,27,19,15
7:30:00 AM,29,Sunday,138,25,20,14
7:45:00 AM,29,Sunday,148,20,14,11
8:00:00 AM,29,Sunday,93,12,14,13
8:15:00 AM,29,Sunday,125,22,12,12
8:30:00 AM,29,Sunday,109,26,16,9
8:45:00 AM,29,Sunday,99,25,15,12
9:00:00 AM,29,Sunday,78,6,29,14
9:15:00 AM,29,Sunday,63,6,21,9
9:30:00 AM,29,Sunday,36,11,25,8
9:45:00 AM,29,Sunday,69,5,23,16
10:00:00 AM,29,Sunday,67,13,15,17
10:15:00 AM,29,Sunday,34,12,28,11
10:30:00 AM,29,Sunday,71,6,12,19
10:45:00 AM,29,Sunday,22,9,0,31
11:00:00 AM,29,Sunday,54,4,10,35
11:15:00 AM,29,Sunday,27,8,13,35
11:30:00 AM,29,Sunday,36,2,7,27
11:45:00 AM,29,Sunday,29,9,13,28
12:00:00 PM,29,Sunday,65,3,12,25
12:15:00 PM,29,Sunday,66,5,7,35
12:30:00 PM,29,Sunday,23,4,5,30
12:45:00 PM,29,Sunday,42,10,2,25
1:00:00 PM,29,Sunday,55,5,33,20
1:15:00 PM,29,Sunday,18,5,15,21
1:30:00 PM,29,Sunday,22,13,17,22
1:45:00 PM,29,Sunday,59,18,18,23
2:00:00 PM,29,Sunday,63,16,3,13
2:15:00 PM,29,Sunday,66,3,25,12
2:30:00 PM,29,Sunday,75,4,3,15
2:45:00 PM,29,Sunday,92,7,35,25
3:00:00 PM,29,Sunday,40,14,16,28
3:15:00 PM,29,Sunday,39,2,8,19
3:30:00 PM,29,Sunday,43,11,16,20
3:45:00 PM,29,Sunday,128,26,25,12
4:00:00 PM,29,Sunday,150,24,30,12
4:15:00 PM,29,Sunday,108,6,37,18
4:30:00 PM,29,Sunday,111,17,40,18
4:45:00 PM,29,Sunday,112,24,39,16
5:00:00 PM,29,Sunday,140,10,38,18
5:15:00 PM,29,Sunday,144,13,15,14
5:30:00 PM,29,Sunday,127,17,24,17
5:45:00 PM,29,Sunday,100,8,13,11
6:00:00 PM,29,Sunday,138,9,16,20
6:15:00 PM,29,Sunday,108,10,21,16
6:30:00 PM,29,Sunday,82,8,19,12
6:45:00 PM,29,Sunday,107,19,6,17
7:00:00 PM,29,Sunday,73,1,10,32
7:15:00 PM,29,Sunday,54,4,13,34
7:30:00 PM,29,Sunday,68,10,20,13
7:45:00 PM,29,Sunday,70,9,13,25
8:00:00 PM,29,Sunday,58,20,17,16
8:15:00 PM,29,Sunday,99,12,13,16
8:30:00 PM,29,Sunday,100,14,16,28
8:45:00 PM,29,Sunday,68,14,16,20
9:00:00 PM,29,Sunday,106,11,17,27
9:15:00 PM,29,Sunday,83,13,9,34
9:30:00 PM,29,Sunday,66,14,8,24
9:45:00 PM,29,Sunday,6,1,2,29
10:00:00 PM,29,Sunday,11,0,0,27
10:15:00 PM,29,Sunday,11,2,1,29
10:30:00 PM,29,Sunday,8,2,1,28
10:45:00 PM,29,Sunday,13,2,1,23
11:00:00 PM,29,Sunday,7,1,1,20
11:15:00 PM,29,Sunday,7,2,1,35
11:30:00 PM,29,Sunday,5,2,0,25
11:45:00 PM,29,Sunday,10,2,0,40
12:00:00 AM,30,Monday,14,2,0,33
12:15:00 AM,30,Monday,12,1,0,38
12:30:00 AM,30,Monday,7,1,0,27
12:45:00 AM,30,Monday,15,0,1,28
1:00:00 AM,30,Monday,12,2,1,31
1:15:00 AM,30,Monday,15,0,2,21
1:30:00 AM,30,Monday,12,1,0,36
1:45:00 AM,30,Monday,9,1,1,26
2:00:00 AM,30,Monday,7,2,1,39
2:15:00 AM,30,Monday,13,2,0,40
2:30:00 AM,30,Monday,14,1,1,27
2:45:00 AM,30,Monday,9,0,2,24
3:00:00 AM,30,Monday,13,0,0,38
3:15:00 AM,30,Monday,15,2,0,32
3:30:00 AM,30,Monday,6,0,2,24
3:45:00 AM,30,Monday,7,0,2,31
4:00:00 AM,30,Monday,84,8,2,12
4:15:00 AM,30,Monday,71,0,4,23
4:30:00 AM,30,Monday,80,8,4,21
4:45:00 AM,30,Monday,77,10,7,27
5:00:00 AM,30,Monday,86,9,1,29
5:15:00 AM,30,Monday,71,0,5,18
5:30:00 AM,30,Monday,78,6,2,11
5:45:00 AM,30,Monday,82,22,10,9
6:00:00 AM,30,Monday,114,14,16,13
6:15:00 AM,30,Monday,115,22,23,13
6:30:00 AM,30,Monday,81,18,12,11
6:45:00 AM,30,Monday,145,10,23,13
7:00:00 AM,30,Monday,84,21,14,13
7:15:00 AM,30,Monday,109,27,13,14
7:30:00 AM,30,Monday,103,23,10,9
7:45:00 AM,30,Monday,131,27,20,9
8:00:00 AM,30,Monday,113,29,12,15
8:15:00 AM,30,Monday,127,18,20,7
8:30:00 AM,30,Monday,125,24,17,8
8:45:00 AM,30,Monday,88,28,25,8
9:00:00 AM,30,Monday,54,8,10,15
9:15:00 AM,30,Monday,78,15,19,14
9:30:00 AM,30,Monday,39,11,16,16
9:45:00 AM,30,Monday,56,9,26,20
10:00:00 AM,30,Monday,32,10,19,18
10:15:00 AM,30,Monday,70,5,18,7
10:30:00 AM,30,Monday,55,10,30,15
10:45:00 AM,30,Monday,66,5,6,26
11:00:00 AM,30,Monday,26,6,1,30
11:15:00 AM,30,Monday,50,1,13,29
11:30:00 AM,30,Monday,52,7,1,26
11:45:00 AM,30,Monday,23,8,13,34
12:00:00 PM,30,Monday,59,9,11,28
12:15:00 PM,30,Monday,43,1,6,25
12:30:00 PM,30,Monday,21,8,4,32
12:45:00 PM,30,Monday,23,7,9,31
1:00:00 PM,30,Monday,51,3,7,17
1:15:00 PM,30,Monday,84,0,30,19
1:30:00 PM,30,Monday,17,19,3,10
1:45:00 PM,30,Monday,79,9,19,11
2:00:00 PM,30,Monday,66,19,29,20
2:15:00 PM,30,Monday,6,12,29,25
2:30:00 PM,30,Monday,61,7,25,21
2:45:00 PM,30,Monday,68,12,5,11
3:00:00 PM,30,Monday,23,13,28,27
3:15:00 PM,30,Monday,22,18,15,21
3:30:00 PM,30,Monday,38,13,13,11
3:45:00 PM,30,Monday,146,14,11,17
4:00:00 PM,30,Monday,123,13,31,16
4:15:00 PM,30,Monday,132,27,33,19
4:30:00 PM,30,Monday,134,17,13,20
4:45:00 PM,30,Monday,138,7,40,11
5:00:00 PM,30,Monday,100,26,17,19
5:15:00 PM,30,Monday,117,12,36,15
5:30:00 PM,30,Monday,142,6,28,15
5:45:00 PM,30,Monday,149,24,36,12
6:00:00 PM,30,Monday,110,14,35,11
6:15:00 PM,30,Monday,105,5,20,13
6:30:00 PM,30,Monday,91,4,13,11
6:45:00 PM,30,Monday,106,4,6,15
7:00:00 PM,30,Monday,83,3,11,31
7:15:00 PM,30,Monday,57,0,10,29
7:30:00 PM,30,Monday,54,15,18,22
7:45:00 PM,30,Monday,66,9,18,32
8:00:00 PM,30,Monday,53,6,8,27
8:15:00 PM,30,Monday,108,18,16,30
8:30:00 PM,30,Monday,91,15,14,28
8:45:00 PM,30,Monday,107,17,5,20
9:00:00 PM,30,Monday,83,9,19,14
9:15:00 PM,30,Monday,88,6,6,15
9:30:00 PM,30,Monday,110,1,17,23
9:45:00 PM,30,Monday,7,2,2,27
10:00:00 PM,30,Monday,10,2,1,22
10:15:00 PM,30,Monday,11,1,1,24
10:30:00 PM,30,Monday,6,1,0,25
10:45:00 PM,30,Monday,11,1,2,21
11:00:00 PM,30,Monday,12,1,0,36
11:15:00 PM,30,Monday,9,1,0,31
11:30:00 PM,30,Monday,15,0,0,38
11:45:00 PM,30,Monday,5,0,1,21
12:00:00 AM,31,Tuesday,10,0,2,27
12:15:00 AM,31,Tuesday,13,2,2,28
12:30:00 AM,31,Tuesday,10,0,1,21
12:45:00 AM,31,Tuesday,13,2,1,32
1:00:00 AM,31,Tuesday,13,1,2,31
1:15:00 AM,31,Tuesday,10,2,0,37
1:30:00 AM,31,Tuesday,5,2,2,34
1:45:00 AM,31,Tuesday,14,0,1,21
2:00:00 AM,31,Tuesday,10,1,2,39
2:15:00 AM,31,Tuesday,9,0,2,40
2:30:00 AM,31,Tuesday,14,0,0,31
2:45:00 AM,31,Tuesday,5,2,1,29
3:00:00 AM,31,Tuesday,10,2,0,22
3:15:00 AM,31,Tuesday,10,2,2,34
3:30:00 AM,31,Tuesday,12,2,2,29
3:45:00 AM,31,Tuesday,7,2,1,32
4:00:00 AM,31,Tuesday,70,5,5,29
4:15:00 AM,31,Tuesday,67,5,6,19
4:30:00 AM,31,Tuesday,52,6,5,14
4:45:00 AM,31,Tuesday,59,0,4,27
5:00:00 AM,31,Tuesday,66,1,6,19
5:15:00 AM,31,Tuesday,62,6,3,18
5:30:00 AM,31,Tuesday,72,7,5,14
5:45:00 AM,31,Tuesday,90,10,14,9
6:00:00 AM,31,Tuesday,86,22,10,12
6:15:00 AM,31,Tuesday,125,25,22,5
6:30:00 AM,31,Tuesday,81,29,24,15
6:45:00 AM,31,Tuesday,150,15,22,12
7:00:00 AM,31,Tuesday,98,15,11,15
7:15:00 AM,31,Tuesday,119,24,21,9
7:30:00 AM,31,Tuesday,104,23,15,6
7:45:00 AM,31,Tuesday,81,15,20,11
8:00:00 AM,31,Tuesday,90,26,25,7
8:15:00 AM,31,Tuesday,93,26,19,6
8:30:00 AM,31,Tuesday,110,25,13,9
8:45:00 AM,31,Tuesday,125,16,15,10
9:00:00 AM,31,Tuesday,47,10,9,9
9:15:00 AM,31,Tuesday,61,14,18,14
9:30:00 AM,31,Tuesday,48,8,14,8
9:45:00 AM,31,Tuesday,42,12,6,17
10:00:00 AM,31,Tuesday,36,7,27,8
10:15:00 AM,31,Tuesday,30,10,28,5
10:30:00 AM,31,Tuesday,76,15,14,20
10:45:00 AM,31,Tuesday,44,7,6,30
11:00:00 AM,31,Tuesday,30,1,12,29
11:15:00 AM,31,Tuesday,56,7,7,34
11:30:00 AM,31,Tuesday,67,3,5,35
11:45:00 AM,31,Tuesday,55,8,2,30
12:00:00 PM,31,Tuesday,52,10,13,35
12:15:00 PM,31,Tuesday,28,4,0,35
12:30:00 PM,31,Tuesday,69,0,13,25
12:45:00 PM,31,Tuesday,42,9,5,25
1:00:00 PM,31,Tuesday,95,3,2,27
1:15:00 PM,31,Tuesday,45,13,33,27
1:30:00 PM,31,Tuesday,69,5,2,15
1:45:00 PM,31,Tuesday,85,19,2,28
2:00:00 PM,31,Tuesday,87,15,6,27
2:15:00 PM,31,Tuesday,100,13,7,17
2:30:00 PM,31,Tuesday,5,19,3,10
2:45:00 PM,31,Tuesday,50,13,12,17
3:00:00 PM,31,Tuesday,64,3,17,11
3:15:00 PM,31,Tuesday,97,2,5,18
3:30:00 PM,31,Tuesday,97,8,30,27
3:45:00 PM,31,Tuesday,101,13,31,19
4:00:00 PM,31,Tuesday,139,29,34,10
4:15:00 PM,31,Tuesday,139,18,39,17
4:30:00 PM,31,Tuesday,105,12,39,14
4:45:00 PM,31,Tuesday,101,26,25,18
5:00:00 PM,31,Tuesday,109,25,36,11
5:15:00 PM,31,Tuesday,135,19,13,16
5:30:00 PM,31,Tuesday,118,18,14,19
5:45:00 PM,31,Tuesday,102,29,36,18
6:00:00 PM,31,Tuesday,136,25,31,18
6:15:00 PM,31,Tuesday,112,22,26,13
6:30:00 PM,31,Tuesday,105,17,16,16
6:45:00 PM,31,Tuesday,57,12,12,35
7:00:00 PM,31,Tuesday,52,19,14,34
7:15:00 PM,31,Tuesday,67,6,11,17
7:30:00 PM,31,Tuesday,64,6,12,32
7:45:00 PM,31,Tuesday,107,6,12,32
8:00:00 PM,31,Tuesday,87,7,5,11
8:15:00 PM,31,Tuesday,71,8,13,28
8:30:00 PM,31,Tuesday,91,6,7,35
8:45:00 PM,31,Tuesday,82,3,16,24
9:00:00 PM,31,Tuesday,98,16,8,31
9:15:00 PM,31,Tuesday,84,5,6,35
9:30:00 PM,31,Tuesday,98,18,8,18
9:45:00 PM,31,Tuesday,5,1,1,28
10:00:00 PM,31,Tuesday,6,2,0,31
10:15:00 PM,31,Tuesday,7,1,0,31
10:30:00 PM,31,Tuesday,11,1,0,30
10:45:00 PM,31,Tuesday,12,1,2,26
11:00:00 PM,31,Tuesday,11,0,0,34
11:15:00 PM,31,Tuesday,6,2,1,29
11:30:00 PM,31,Tuesday,6,0,0,36
11:45:00 PM,31,Tuesday,9,1,1,38
12:00:00 AM,1,Wednesday,13,2,0,30
12:15:00 AM,1,Wednesday,11,1,1,39
12:30:00 AM,1,Wednesday,15,0,1,34
12:45:00 AM,1,Wednesday,13,1,0,37
1:00:00 AM,1,Wednesday,13,0,0,32
1:15:00 AM,1,Wednesday,5,1,1,27
1:30:00 AM,1,Wednesday,13,1,2,27
1:45:00 AM,1,Wednesday,15,1,0,27
2:00:00 AM,1,Wednesday,10,1,0,22
2:15:00 AM,1,Wednesday,15,2,2,39
2:30:00 AM,1,Wednesday,7,2,2,30
2:45:00 AM,1,Wednesday,5,0,0,35
3:00:00 AM,1,Wednesday,15,1,1,37
3:15:00 AM,1,Wednesday,5,0,1,22
3:30:00 AM,1,Wednesday,7,2,1,23
3:45:00 AM,1,Wednesday,15,1,0,28
4:00:00 AM,1,Wednesday,88,1,3,17
4:15:00 AM,1,Wednesday,70,8,6,13
4:30:00 AM,1,Wednesday,71,4,5,23
4:45:00 AM,1,Wednesday,72,9,1,26
5:00:00 AM,1,Wednesday,59,2,0,12
5:15:00 AM,1,Wednesday,52,7,0,13
5:30:00 AM,1,Wednesday,54,7,2,30
5:45:00 AM,1,Wednesday,82,30,21,10
6:00:00 AM,1,Wednesday,124,27,25,15
6:15:00 AM,1,Wednesday,143,22,21,5
6:30:00 AM,1,Wednesday,107,21,15,11
6:45:00 AM,1,Wednesday,95,30,24,6
7:00:00 AM,1,Wednesday,106,29,23,11
7:15:00 AM,1,Wednesday,145,22,24,14
7:30:00 AM,1,Wednesday,111,17,15,12
7:45:00 AM,1,Wednesday,142,13,14,6
8:00:00 AM,1,Wednesday,112,22,17,15
8:15:00 AM,1,Wednesday,134,27,19,8
8:30:00 AM,1,Wednesday,86,15,23,6
8:45:00 AM,1,Wednesday,103,19,15,9
9:00:00 AM,1,Wednesday,55,11,25,14
9:15:00 AM,1,Wednesday,62,8,21,10
9:30:00 AM,1,Wednesday,41,8,5,17
9:45:00 AM,1,Wednesday,58,10,14,7
10:00:00 AM,1,Wednesday,78,14,13,7
10:15:00 AM,1,Wednesday,49,12,13,12
10:30:00 AM,1,Wednesday,63,10,10,20
10:45:00 AM,1,Wednesday,45,0,12,30
11:00:00 AM,1,Wednesday,69,7,6,27
11:15:00 AM,1,Wednesday,50,6,10,35
11:30:00 AM,1,Wednesday,66,6,12,25
11:45:00 AM,1,Wednesday,47,10,2,34
12:00:00 PM,1,Wednesday,61,2,9,27
12:15:00 PM,1,Wednesday,57,10,0,27
12:30:00 PM,1,Wednesday,26,3,3,29
12:45:00 PM,1,Wednesday,30,4,2,32
1:00:00 PM,1,Wednesday,9,13,2,19
1:15:00 PM,1,Wednesday,46,10,34,21
1:30:00 PM,1,Wednesday,11,16,28,23
1:45:00 PM,1,Wednesday,96,1,5,25
2:00:00 PM,1,Wednesday,29,12,18,18
2:15:00 PM,1,Wednesday,50,8,34,26
2:30:00 PM,1,Wednesday,85,7,5,20
2:45:00 PM,1,Wednesday,77,12,22,23
3:00:00 PM,1,Wednesday,16,4,2,14
3:15:00 PM,1,Wednesday,38,17,5,14
3:30:00 PM,1,Wednesday,11,10,23,17
3:45:00 PM,1,Wednesday,119,18,17,14
4:00:00 PM,1,Wednesday,111,8,37,10
4:15:00 PM,1,Wednesday,118,10,13,16
4:30:00 PM,1,Wednesday,119,13,28,13
4:45:00 PM,1,Wednesday,144,18,28,13
5:00:00 PM,1,Wednesday,133,29,14,11
5:15:00 PM,1,Wednesday,134,5,21,15
5:30:00 PM,1,Wednesday,140,20,27,13
5:45:00 PM,1,Wednesday,116,27,34,20
6:00:00 PM,1,Wednesday,121,15,19,20
6:15:00 PM,1,Wednesday,123,30,32,12
6:30:00 PM,1,Wednesday,62,0,19,34
6:45:00 PM,1,Wednesday,91,17,14,15
7:00:00 PM,1,Wednesday,107,20,20,19
7:15:00 PM,1,Wednesday,75,14,5,35
7:30:00 PM,1,Wednesday,96,3,10,33
7:45:00 PM,1,Wednesday,66,2,11,24
8:00:00 PM,1,Wednesday,89,15,13,31
8:15:00 PM,1,Wednesday,69,13,7,22
8:30:00 PM,1,Wednesday,109,16,19,13
8:45:00 PM,1,Wednesday,54,0,20,11
9:00:00 PM,1,Wednesday,79,0,8,25
9:15:00 PM,1,Wednesday,78,17,20,11
9:30:00 PM,1,Wednesday,93,0,10,18
9:45:00 PM,1,Wednesday,9,1,1,36
10:00:00 PM,1,Wednesday,13,0,0,29
10:15:00 PM,1,Wednesday,13,2,1,28
10:30:00 PM,1,Wednesday,14,0,0,40
10:45:00 PM,1,Wednesday,11,1,1,35
11:00:00 PM,1,Wednesday,11,2,1,38
11:15:00 PM,1,Wednesday,15,1,2,35
11:30:00 PM,1,Wednesday,7,1,0,38
11:45:00 PM,1,Wednesday,10,0,0,32
12:00:00 AM,2,Thursday,6,2,1,35
12:15:00 AM,2,Thursday,13,2,1,33
12:30:00 AM,2,Thursday,8,0,0,39
12:45:00 AM,2,Thursday,9,0,0,35
1:00:00 AM,2,Thursday,6,2,2,35
1:15:00 AM,2,Thursday,13,2,1,25
1:30:00 AM,2,Thursday,12,0,0,33
1:45:00 AM,2,Thursday,12,1,1,33
2:00:00 AM,2,Thursday,11,2,0,20
2:15:00 AM,2,Thursday,11,2,2,27
2:30:00 AM,2,Thursday,9,1,0,26
2:45:00 AM,2,Thursday,12,2,0,33
3:00:00 AM,2,Thursday,11,0,1,40
3:15:00 AM,2,Thursday,8,2,2,23
3:30:00 AM,2,Thursday,6,2,1,32
3:45:00 AM,2,Thursday,8,1,2,31
4:00:00 AM,2,Thursday,50,9,4,12
4:15:00 AM,2,Thursday,90,0,4,21
4:30:00 AM,2,Thursday,51,7,5,11
4:45:00 AM,2,Thursday,83,0,4,13
5:00:00 AM,2,Thursday,86,5,0,21
5:15:00 AM,2,Thursday,76,0,3,22
5:30:00 AM,2,Thursday,72,4,5,16
5:45:00 AM,2,Thursday,101,20,18,13
6:00:00 AM,2,Thursday,139,13,21,8
6:15:00 AM,2,Thursday,113,27,12,8
6:30:00 AM,2,Thursday,125,26,12,15
6:45:00 AM,2,Thursday,130,18,17,13
7:00:00 AM,2,Thursday,129,17,21,5
7:15:00 AM,2,Thursday,104,28,10,8
7:30:00 AM,2,Thursday,85,27,21,13
7:45:00 AM,2,Thursday,95,12,25,15
8:00:00 AM,2,Thursday,105,20,11,8
8:15:00 AM,2,Thursday,129,27,21,9
8:30:00 AM,2,Thursday,122,26,21,10
8:45:00 AM,2,Thursday,80,14,22,6
9:00:00 AM,2,Thursday,67,8,25,20
9:15:00 AM,2,Thursday,74,7,17,10
9:30:00 AM,2,Thursday,30,8,25,10
9:45:00 AM,2,Thursday,58,8,23,19
10:00:00 AM,2,Thursday,57,13,10,9
10:15:00 AM,2,Thursday,55,12,30,5
10:30:00 AM,2,Thursday,44,5,11,18
10:45:00 AM,2,Thursday,59,5,10,31
11:00:00 AM,2,Thursday,57,1,12,28
11:15:00 AM,2,Thursday,67,6,6,29
11:30:00 AM,2,Thursday,46,6,11,35
11:45:00 AM,2,Thursday,39,5,10,27
12:00:00 PM,2,Thursday,39,8,5,32
12:15:00 PM,2,Thursday,20,4,9,31
12:30:00 PM,2,Thursday,70,1,8,25
12:45:00 PM,2,Thursday,31,8,13,25
1:00:00 PM,2,Thursday,10,4,3,18
1:15:00 PM,2,Thursday,55,7,24,15
1:30:00 PM,2,Thursday,72,12,18,23
1:45:00 PM,2,Thursday,38,7,27,13
2:00:00 PM,2,Thursday,79,12,22,14
2:15:00 PM,2,Thursday,40,9,6,10
2:30:00 PM,2,Thursday,28,2,1,11
2:45:00 PM,2,Thursday,99,6,10,23
3:00:00 PM,2,Thursday,44,19,28,26
3:15:00 PM,2,Thursday,91,0,11,25
3:30:00 PM,2,Thursday,28,15,17,20
3:45:00 PM,2,Thursday,111,27,20,20
4:00:00 PM,2,Thursday,113,10,33,10
4:15:00 PM,2,Thursday,119,27,17,17
4:30:00 PM,2,Thursday,146,28,12,11
4:45:00 PM,2,Thursday,127,30,20,13
5:00:00 PM,2,Thursday,138,10,10,20
5:15:00 PM,2,Thursday,107,27,19,18
5:30:00 PM,2,Thursday,102,14,16,20
5:45:00 PM,2,Thursday,125,29,12,14
6:00:00 PM,2,Thursday,112,12,30,10
6:15:00 PM,2,Thursday,123,19,14,19
6:30:00 PM,2,Thursday,106,19,7,15
6:45:00 PM,2,Thursday,76,16,13,20
7:00:00 PM,2,Thursday,65,5,6,19
7:15:00 PM,2,Thursday,59,18,8,24
7:30:00 PM,2,Thursday,99,0,5,30
7:45:00 PM,2,Thursday,74,1,8,25
8:00:00 PM,2,Thursday,105,16,15,33
8:15:00 PM,2,Thursday,57,8,11,16
8:30:00 PM,2,Thursday,100,16,13,20
8:45:00 PM,2,Thursday,91,16,16,22
9:00:00 PM,2,Thursday,71,4,15,34
9:15:00 PM,2,Thursday,70,12,19,15
9:30:00 PM,2,Thursday,68,0,7,14
9:45:00 PM,2,Thursday,12,1,1,30
10:00:00 PM,2,Thursday,14,1,1,35
10:15:00 PM,2,Thursday,8,0,1,25
10:30:00 PM,2,Thursday,7,2,2,20
10:45:00 PM,2,Thursday,8,0,1,30
11:00:00 PM,2,Thursday,13,0,1,30
11:15:00 PM,2,Thursday,15,1,2,30
11:30:00 PM,2,Thursday,9,1,1,32
11:45:00 PM,2,Thursday,5,1,0,36
12:00:00 AM,3,Friday,13,1,0,37
12:15:00 AM,3,Friday,14,0,2,30
12:30:00 AM,3,Friday,13,1,2,26
12:45:00 AM,3,Friday,8,0,1,32
1:00:00 AM,3,Friday,10,0,1,37
1:15:00 AM,3,Friday,15,1,0,27
1:30:00 AM,3,Friday,7,2,2,40
1:45:00 AM,3,Friday,12,0,0,32
2:00:00 AM,3,Friday,14,1,1,21
2:15:00 AM,3,Friday,5,1,2,30
2:30:00 AM,3,Friday,8,1,0,24
2:45:00 AM,3,Friday,15,0,0,27
3:00:00 AM,3,Friday,14,1,1,26
3:15:00 AM,3,Friday,12,1,2,36
3:30:00 AM,3,Friday,13,1,1,25
3:45:00 AM,3,Friday,14,2,0,38
4:00:00 AM,3,Friday,43,8,0,28
4:15:00 AM,3,Friday,26,1,2,34
4:30:00 AM,3,Friday,49,1,5,32
4:45:00 AM,3,Friday,65,9,2,53
5:00:00 AM,3,Friday,46,4,2,59
5:15:00 AM,3,Friday,79,4,3,26
5:30:00 AM,3,Friday,32,9,4,58
5:45:00 AM,3,Friday,57,3,3,38
6:00:00 AM,3,Friday,73,4,0,39
6:15:00 AM,3,Friday,29,1,0,39
6:30:00 AM,3,Friday,79,10,1,28
6:45:00 AM,3,Friday,59,8,5,44
7:00:00 AM,3,Friday,71,1,4,44
7:15:00 AM,3,Friday,50,10,2,56
7:30:00 AM,3,Friday,62,7,2,35
7:45:00 AM,3,Friday,72,0,4,27
8:00:00 AM,3,Friday,54,10,5,34
8:15:00 AM,3,Friday,31,3,3,26
8:30:00 AM,3,Friday,72,6,4,36
8:45:00 AM,3,Friday,68,6,1,28
9:00:00 AM,3,Friday,116,34,5,7
9:15:00 AM,3,Friday,149,37,14,10
9:30:00 AM,3,Friday,143,48,19,5
9:45:00 AM,3,Friday,143,21,6,6
10:00:00 AM,3,Friday,100,26,14,6
10:15:00 AM,3,Friday,139,30,13,10
10:30:00 AM,3,Friday,103,23,6,7
10:45:00 AM,3,Friday,136,38,13,6
11:00:00 AM,3,Friday,101,42,13,6
11:15:00 AM,3,Friday,144,43,13,8
11:30:00 AM,3,Friday,101,34,12,7
11:45:00 AM,3,Friday,109,31,8,8
12:00:00 PM,3,Friday,125,22,18,8
12:15:00 PM,3,Friday,108,28,16,9
12:30:00 PM,3,Friday,147,35,19,8
12:45:00 PM,3,Friday,128,49,7,9
1:00:00 PM,3,Friday,130,43,15,6
1:15:00 PM,3,Friday,102,23,8,6
1:30:00 PM,3,Friday,113,38,17,10
1:45:00 PM,3,Friday,147,38,5,8
2:00:00 PM,3,Friday,109,30,7,9
2:15:00 PM,3,Friday,123,29,16,10
2:30:00 PM,3,Friday,121,41,14,5
2:45:00 PM,3,Friday,136,46,9,10
3:00:00 PM,3,Friday,58,14,14,15
3:15:00 PM,3,Friday,62,6,7,12
3:30:00 PM,3,Friday,62,7,9,7
3:45:00 PM,3,Friday,55,6,2,18
4:00:00 PM,3,Friday,87,15,15,16
4:15:00 PM,3,Friday,62,5,14,9
4:30:00 PM,3,Friday,82,5,5,5
4:45:00 PM,3,Friday,68,5,0,16
5:00:00 PM,3,Friday,66,11,9,5
5:15:00 PM,3,Friday,76,14,15,11
5:30:00 PM,3,Friday,89,8,4,15
5:45:00 PM,3,Friday,81,13,0,14
6:00:00 PM,3,Friday,56,5,9,17
6:15:00 PM,3,Friday,52,6,5,6
6:30:00 PM,3,Friday,80,6,14,13
6:45:00 PM,3,Friday,81,15,11,20
7:00:00 PM,3,Friday,37,2,4,31
7:15:00 PM,3,Friday,24,1,3,35
7:30:00 PM,3,Friday,26,2,4,35
7:45:00 PM,3,Friday,28,2,2,41
8:00:00 PM,3,Friday,49,1,5,34
8:15:00 PM,3,Friday,38,1,2,40
8:30:00 PM,3,Friday,20,3,4,40
8:45:00 PM,3,Friday,28,0,3,42
9:00:00 PM,3,Friday,27,5,1,25
9:15:00 PM,3,Friday,28,2,4,44
9:30:00 PM,3,Friday,21,4,5,31
9:45:00 PM,3,Friday,5,1,2,33
10:00:00 PM,3,Friday,7,1,0,22
10:15:00 PM,3,Friday,13,0,2,29
10:30:00 PM,3,Friday,15,0,1,28
10:45:00 PM,3,Friday,15,0,1,38
11:00:00 PM,3,Friday,15,0,0,34
11:15:00 PM,3,Friday,13,0,1,34
11:30:00 PM,3,Friday,11,2,1,29
11:45:00 PM,3,Friday,13,1,2,26
12:00:00 AM,4,Saturday,15,0,1,21
12:15:00 AM,4,Saturday,6,0,2,21
12:30:00 AM,4,Saturday,12,0,2,37
12:45:00 AM,4,Saturday,6,0,2,23
1:00:00 AM,4,Saturday,12,2,0,34
1:15:00 AM,4,Saturday,8,0,1,35
1:30:00 AM,4,Saturday,6,2,0,24
1:45:00 AM,4,Saturday,14,1,1,35
2:00:00 AM,4,Saturday,14,0,1,27
2:15:00 AM,4,Saturday,14,1,1,37
2:30:00 AM,4,Saturday,11,2,2,33
2:45:00 AM,4,Saturday,8,0,1,20
3:00:00 AM,4,Saturday,9,1,2,27
3:15:00 AM,4,Saturday,8,1,1,27
3:30:00 AM,4,Saturday,6,2,1,30
3:45:00 AM,4,Saturday,7,2,2,27
4:00:00 AM,4,Saturday,50,5,4,16
4:15:00 AM,4,Saturday,59,8,7,17
4:30:00 AM,4,Saturday,70,8,0,24
4:45:00 AM,4,Saturday,61,6,5,12
5:00:00 AM,4,Saturday,67,4,3,16
5:15:00 AM,4,Saturday,63,7,0,23
5:30:00 AM,4,Saturday,53,1,1,23
5:45:00 AM,4,Saturday,106,22,17,8
6:00:00 AM,4,Saturday,114,18,24,6
6:15:00 AM,4,Saturday,103,14,14,10
6:30:00 AM,4,Saturday,118,27,10,12
6:45:00 AM,4,Saturday,120,11,12,9
7:00:00 AM,4,Saturday,144,22,12,10
7:15:00 AM,4,Saturday,123,20,21,6
7:30:00 AM,4,Saturday,91,26,11,15
7:45:00 AM,4,Saturday,143,26,22,10
8:00:00 AM,4,Saturday,120,13,11,5
8:15:00 AM,4,Saturday,80,13,11,5
8:30:00 AM,4,Saturday,123,30,13,12
8:45:00 AM,4,Saturday,143,25,14,12
9:00:00 AM,4,Saturday,39,5,17,14
9:15:00 AM,4,Saturday,73,12,25,16
9:30:00 AM,4,Saturday,75,14,24,18
9:45:00 AM,4,Saturday,38,15,6,6
10:00:00 AM,4,Saturday,66,6,7,16
10:15:00 AM,4,Saturday,45,14,18,14
10:30:00 AM,4,Saturday,77,11,13,6
10:45:00 AM,4,Saturday,58,7,2,25
11:00:00 AM,4,Saturday,61,8,7,34
11:15:00 AM,4,Saturday,46,2,0,25
11:30:00 AM,4,Saturday,55,3,4,25
11:45:00 AM,4,Saturday,36,8,3,29
12:00:00 PM,4,Saturday,52,1,8,29
12:15:00 PM,4,Saturday,32,5,4,26
12:30:00 PM,4,Saturday,38,5,7,27
12:45:00 PM,4,Saturday,24,2,12,32
1:00:00 PM,4,Saturday,90,15,24,29
1:15:00 PM,4,Saturday,17,4,4,11
1:30:00 PM,4,Saturday,85,5,1,26
1:45:00 PM,4,Saturday,34,17,19,20
2:00:00 PM,4,Saturday,55,16,17,16
2:15:00 PM,4,Saturday,25,3,28,17
2:30:00 PM,4,Saturday,64,13,9,12
2:45:00 PM,4,Saturday,59,14,24,21
3:00:00 PM,4,Saturday,11,3,2,14
3:15:00 PM,4,Saturday,88,3,31,23
3:30:00 PM,4,Saturday,100,19,23,22
3:45:00 PM,4,Saturday,144,16,25,18
4:00:00 PM,4,Saturday,116,23,37,11
4:15:00 PM,4,Saturday,114,6,38,11
4:30:00 PM,4,Saturday,130,10,19,10
4:45:00 PM,4,Saturday,144,19,18,15
5:00:00 PM,4,Saturday,119,13,38,18
5:15:00 PM,4,Saturday,131,6,17,12
5:30:00 PM,4,Saturday,123,18,18,12
5:45:00 PM,4,Saturday,147,14,32,10
6:00:00 PM,4,Saturday,114,27,32,10
6:15:00 PM,4,Saturday,113,27,35,10
6:30:00 PM,4,Saturday,98,8,9,14
6:45:00 PM,4,Saturday,76,3,8,13
7:00:00 PM,4,Saturday,108,8,6,21
7:15:00 PM,4,Saturday,63,11,5,26
7:30:00 PM,4,Saturday,72,20,5,18
7:45:00 PM,4,Saturday,80,0,12,13
8:00:00 PM,4,Saturday,59,7,14,16
8:15:00 PM,4,Saturday,99,12,14,34
8:30:00 PM,4,Saturday,65,16,9,14
8:45:00 PM,4,Saturday,81,18,16,33
9:00:00 PM,4,Saturday,103,14,11,11
9:15:00 PM,4,Saturday,81,18,5,17
9:30:00 PM,4,Saturday,52,9,5,34
9:45:00 PM,4,Saturday,6,0,2,40
10:00:00 PM,4,Saturday,6,2,0,40
10:15:00 PM,4,Saturday,9,1,0,22
10:30:00 PM,4,Saturday,11,1,0,26
10:45:00 PM,4,Saturday,14,2,1,39
11:00:00 PM,4,Saturday,7,1,1,30
11:15:00 PM,4,Saturday,8,2,2,35
11:30:00 PM,4,Saturday,5,2,2,33
11:45:00 PM,4,Saturday,6,1,2,23
12:00:00 AM,5,Sunday,15,0,2,32
12:15:00 AM,5,Sunday,15,0,2,29
12:30:00 AM,5,Sunday,7,2,2,33
12:45:00 AM,5,Sunday,14,2,0,33
1:00:00 AM,5,Sunday,6,1,1,38
1:15:00 AM,5,Sunday,11,0,0,26
1:30:00 AM,5,Sunday,6,2,1,34
1:45:00 AM,5,Sunday,7,0,2,22
2:00:00 AM,5,Sunday,13,2,0,24
2:15:00 AM,5,Sunday,5,2,1,33
2:30:00 AM,5,Sunday,10,0,1,40
2:45:00 AM,5,Sunday,12,1,2,26
3:00:00 AM,5,Sunday,8,0,0,28
3:15:00 AM,5,Sunday,7,0,2,36
3:30:00 AM,5,Sunday,14,0,0,32
3:45:00 AM,5,Sunday,14,2,2,39
4:00:00 AM,5,Sunday,57,6,1,30
4:15:00 AM,5,Sunday,64,4,7,15
4:30:00 AM,5,Sunday,80,9,7,29
4:45:00 AM,5,Sunday,80,2,2,18
5:00:00 AM,5,Sunday,78,4,0,11
5:15:00 AM,5,Sunday,51,8,0,29
5:30:00 AM,5,Sunday,66,3,0,27
5:45:00 AM,5,Sunday,146,19,25,8
6:00:00 AM,5,Sunday,104,22,15,8
6:15:00 AM,5,Sunday,137,22,14,10
6:30:00 AM,5,Sunday,150,26,18,10
6:45:00 AM,5,Sunday,148,15,22,8
7:00:00 AM,5,Sunday,83,30,12,10
7:15:00 AM,5,Sunday,96,22,23,8
7:30:00 AM,5,Sunday,112,10,23,11
7:45:00 AM,5,Sunday,145,20,24,13
8:00:00 AM,5,Sunday,86,28,19,9
8:15:00 AM,5,Sunday,127,27,17,15
8:30:00 AM,5,Sunday,88,12,19,10
8:45:00 AM,5,Sunday,103,11,19,5
9:00:00 AM,5,Sunday,74,14,28,15
9:15:00 AM,5,Sunday,42,10,20,5
9:30:00 AM,5,Sunday,55,11,20,19
9:45:00 AM,5,Sunday,71,8,28,11
10:00:00 AM,5,Sunday,55,5,23,16
10:15:00 AM,5,Sunday,43,8,22,20
10:30:00 AM,5,Sunday,54,11,11,11
10:45:00 AM,5,Sunday,58,9,3,32
11:00:00 AM,5,Sunday,46,1,11,35
11:15:00 AM,5,Sunday,64,6,7,30
11:30:00 AM,5,Sunday,43,5,3,31
11:45:00 AM,5,Sunday,39,10,2,33
12:00:00 PM,5,Sunday,59,2,9,33
12:15:00 PM,5,Sunday,56,5,6,33
12:30:00 PM,5,Sunday,40,5,12,26
12:45:00 PM,5,Sunday,69,4,7,26
1:00:00 PM,5,Sunday,53,2,14,12
1:15:00 PM,5,Sunday,22,7,8,27
1:30:00 PM,5,Sunday,33,16,5,30
1:45:00 PM,5,Sunday,35,14,16,20
2:00:00 PM,5,Sunday,12,3,11,15
2:15:00 PM,5,Sunday,83,12,8,23
2:30:00 PM,5,Sunday,39,7,11,19
2:45:00 PM,5,Sunday,44,12,25,12
3:00:00 PM,5,Sunday,57,19,11,16
3:15:00 PM,5,Sunday,13,19,7,12
3:30:00 PM,5,Sunday,79,17,12,13
3:45:00 PM,5,Sunday,127,20,16,17
4:00:00 PM,5,Sunday,112,19,15,18
4:15:00 PM,5,Sunday,122,12,20,19
4:30:00 PM,5,Sunday,141,22,29,12
4:45:00 PM,5,Sunday,131,29,33,12
5:00:00 PM,5,Sunday,126,6,22,15
5:15:00 PM,5,Sunday,128,14,11,18
5:30:00 PM,5,Sunday,137,29,36,18
5:45:00 PM,5,Sunday,129,18,10,18
6:00:00 PM,5,Sunday,100,30,31,20
6:15:00 PM,5,Sunday,136,16,17,11
6:30:00 PM,5,Sunday,94,8,14,19
6:45:00 PM,5,Sunday,86,14,13,33
7:00:00 PM,5,Sunday,81,0,7,15
7:15:00 PM,5,Sunday,84,1,16,19
7:30:00 PM,5,Sunday,76,11,16,17
7:45:00 PM,5,Sunday,76,11,19,17
8:00:00 PM,5,Sunday,83,10,19,18
8:15:00 PM,5,Sunday,60,2,10,18
8:30:00 PM,5,Sunday,55,9,15,25
8:45:00 PM,5,Sunday,69,3,19,32
9:00:00 PM,5,Sunday,52,2,9,19
9:15:00 PM,5,Sunday,74,9,15,33
9:30:00 PM,5,Sunday,102,18,20,31
9:45:00 PM,5,Sunday,9,2,2,31
10:00:00 PM,5,Sunday,14,1,1,28
10:15:00 PM,5,Sunday,8,2,2,35
10:30:00 PM,5,Sunday,14,0,0,28
10:45:00 PM,5,Sunday,6,2,2,40
11:00:00 PM,5,Sunday,12,2,1,34
11:15:00 PM,5,Sunday,15,0,1,25
11:30:00 PM,5,Sunday,13,1,2,40
11:45:00 PM,5,Sunday,9,2,2,32
12:00:00 AM,6,Monday,9,2,0,27
12:15:00 AM,6,Monday,14,1,0,30
12:30:00 AM,6,Monday,15,2,0,30
12:45:00 AM,6,Monday,7,2,0,26
1:00:00 AM,6,Monday,5,0,2,23
1:15:00 AM,6,Monday,9,1,0,27
1:30:00 AM,6,Monday,6,2,2,28
1:45:00 AM,6,Monday,7,2,1,39
2:00:00 AM,6,Monday,6,2,1,27
2:15:00 AM,6,Monday,6,1,1,36
2:30:00 AM,6,Monday,10,1,2,25
2:45:00 AM,6,Monday,12,2,0,40
3:00:00 AM,6,Monday,10,0,1,34
3:15:00 AM,6,Monday,8,0,1,22
3:30:00 AM,6,Monday,10,0,2,37
3:45:00 AM,6,Monday,12,1,2,21
4:00:00 AM,6,Monday,73,7,2,22
4:15:00 AM,6,Monday,59,9,4,20
4:30:00 AM,6,Monday,52,2,5,30
4:45:00 AM,6,Monday,63,6,3,28
5:00:00 AM,6,Monday,77,2,5,19
5:15:00 AM,6,Monday,58,8,7,13
5:30:00 AM,6,Monday,72,1,5,11
5:45:00 AM,6,Monday,126,14,14,8
6:00:00 AM,6,Monday,91,29,19,15
6:15:00 AM,6,Monday,134,18,14,6
6:30:00 AM,6,Monday,96,18,16,7
6:45:00 AM,6,Monday,112,22,12,5
7:00:00 AM,6,Monday,125,22,10,9
7:15:00 AM,6,Monday,142,25,22,5
7:30:00 AM,6,Monday,102,19,13,10
7:45:00 AM,6,Monday,89,23,19,12
8:00:00 AM,6,Monday,119,15,17,12
8:15:00 AM,6,Monday,137,13,19,14
8:30:00 AM,6,Monday,128,21,19,13
8:45:00 AM,6,Monday,81,20,18,15
9:00:00 AM,6,Monday,49,15,15,5
9:15:00 AM,6,Monday,59,6,10,17
9:30:00 AM,6,Monday,69,5,26,6
9:45:00 AM,6,Monday,72,10,7,20
10:00:00 AM,6,Monday,44,15,16,16
10:15:00 AM,6,Monday,68,15,26,11
10:30:00 AM,6,Monday,74,9,14,6
10:45:00 AM,6,Monday,35,6,10,35
11:00:00 AM,6,Monday,62,9,12,32
11:15:00 AM,6,Monday,46,10,0,34
11:30:00 AM,6,Monday,63,5,2,31
11:45:00 AM,6,Monday,58,10,2,27
12:00:00 PM,6,Monday,68,0,12,35
12:15:00 PM,6,Monday,27,7,0,33
12:30:00 PM,6,Monday,24,4,11,33
12:45:00 PM,6,Monday,70,6,8,35
1:00:00 PM,6,Monday,14,19,22,15
1:15:00 PM,6,Monday,72,8,17,28
1:30:00 PM,6,Monday,14,0,26,20
1:45:00 PM,6,Monday,97,4,25,18
2:00:00 PM,6,Monday,23,19,3,19
2:15:00 PM,6,Monday,46,3,32,27
2:30:00 PM,6,Monday,23,17,27,13
2:45:00 PM,6,Monday,48,4,8,17
3:00:00 PM,6,Monday,89,13,7,27
3:15:00 PM,6,Monday,48,10,23,26
3:30:00 PM,6,Monday,77,13,19,11
3:45:00 PM,6,Monday,118,8,27,16
4:00:00 PM,6,Monday,145,19,22,19
4:15:00 PM,6,Monday,103,23,18,19
4:30:00 PM,6,Monday,126,22,28,16
4:45:00 PM,6,Monday,120,24,30,10
5:00:00 PM,6,Monday,128,10,14,18
5:15:00 PM,6,Monday,142,26,32,10
5:30:00 PM,6,Monday,121,25,33,13
5:45:00 PM,6,Monday,144,6,18,12
6:00:00 PM,6,Monday,116,26,14,18
6:15:00 PM,6,Monday,138,21,39,17
6:30:00 PM,6,Monday,103,5,7,13
6:45:00 PM,6,Monday,100,14,10,22
7:00:00 PM,6,Monday,93,11,20,11
7:15:00 PM,6,Monday,97,17,19,33
7:30:00 PM,6,Monday,81,9,15,25
7:45:00 PM,6,Monday,101,8,7,10
8:00:00 PM,6,Monday,106,7,7,26
8:15:00 PM,6,Monday,86,8,18,13
8:30:00 PM,6,Monday,74,14,12,20
8:45:00 PM,6,Monday,64,13,13,16
9:00:00 PM,6,Monday,60,20,12,32
9:15:00 PM,6,Monday,58,15,12,31
9:30:00 PM,6,Monday,95,7,18,34
9:45:00 PM,6,Monday,5,2,2,29
10:00:00 PM,6,Monday,13,2,0,38
10:15:00 PM,6,Monday,8,1,1,33
10:30:00 PM,6,Monday,5,2,0,31
10:45:00 PM,6,Monday,5,1,1,25
11:00:00 PM,6,Monday,15,2,2,32
11:15:00 PM,6,Monday,13,1,2,38
11:30:00 PM,6,Monday,6,2,1,22
11:45:00 PM,6,Monday,8,1,2,27
12:00:00 AM,7,Tuesday,9,0,0,39
12:15:00 AM,7,Tuesday,15,1,1,31
12:30:00 AM,7,Tuesday,8,0,2,25
12:45:00 AM,7,Tuesday,15,1,0,29
1:00:00 AM,7,Tuesday,6,1,1,34
1:15:00 AM,7,Tuesday,10,2,1,33
1:30:00 AM,7,Tuesday,9,0,1,23
1:45:00 AM,7,Tuesday,10,1,0,28
2:00:00 AM,7,Tuesday,10,2,1,38
2:15:00 AM,7,Tuesday,9,0,1,38
2:30:00 AM,7,Tuesday,6,2,2,20
2:45:00 AM,7,Tuesday,15,0,0,32
3:00:00 AM,7,Tuesday,9,0,0,22
3:15:00 AM,7,Tuesday,11,1,0,26
3:30:00 AM,7,Tuesday,9,0,0,25
3:45:00 AM,7,Tuesday,14,1,2,20
4:00:00 AM,7,Tuesday,64,0,2,12
4:15:00 AM,7,Tuesday,60,8,7,11
4:30:00 AM,7,Tuesday,77,5,0,20
4:45:00 AM,7,Tuesday,59,1,7,11
5:00:00 AM,7,Tuesday,72,2,6,11
5:15:00 AM,7,Tuesday,86,10,2,12
5:30:00 AM,7,Tuesday,79,7,4,10
5:45:00 AM,7,Tuesday,128,29,24,9
6:00:00 AM,7,Tuesday,140,15,13,7
6:15:00 AM,7,Tuesday,150,28,12,9
6:30:00 AM,7,Tuesday,81,19,22,5
6:45:00 AM,7,Tuesday,88,12,12,6
7:00:00 AM,7,Tuesday,97,10,16,10
7:15:00 AM,7,Tuesday,92,11,23,11
7:30:00 AM,7,Tuesday,109,23,18,13
7:45:00 AM,7,Tuesday,104,29,21,15
8:00:00 AM,7,Tuesday,130,17,17,12
8:15:00 AM,7,Tuesday,90,18,25,6
8:30:00 AM,7,Tuesday,113,12,12,9
8:45:00 AM,7,Tuesday,98,29,24,5
9:00:00 AM,7,Tuesday,35,10,11,17
9:15:00 AM,7,Tuesday,31,13,11,7
9:30:00 AM,7,Tuesday,80,9,9,9
9:45:00 AM,7,Tuesday,60,10,8,11
10:00:00 AM,7,Tuesday,67,7,19,12
10:15:00 AM,7,Tuesday,38,15,9,19
10:30:00 AM,7,Tuesday,62,11,9,12
10:45:00 AM,7,Tuesday,21,10,0,25
11:00:00 AM,7,Tuesday,41,0,9,25
11:15:00 AM,7,Tuesday,57,1,6,29
11:30:00 AM,7,Tuesday,26,0,11,33
11:45:00 AM,7,Tuesday,50,9,10,29
12:00:00 PM,7,Tuesday,56,3,11,28
12:15:00 PM,7,Tuesday,59,4,8,30
12:30:00 PM,7,Tuesday,61,9,10,26
12:45:00 PM,7,Tuesday,56,7,8,31
1:00:00 PM,7,Tuesday,23,2,5,22
1:15:00 PM,7,Tuesday,73,8,10,23
1:30:00 PM,7,Tuesday,98,8,26,18
1:45:00 PM,7,Tuesday,22,6,23,10
2:00:00 PM,7,Tuesday,38,7,27,22
2:15:00 PM,7,Tuesday,76,12,8,15
2:30:00 PM,7,Tuesday,79,15,26,30
2:45:00 PM,7,Tuesday,76,6,6,29
3:00:00 PM,7,Tuesday,62,6,29,23
3:15:00 PM,7,Tuesday,19,2,23,25
3:30:00 PM,7,Tuesday,13,10,35,19
3:45:00 PM,7,Tuesday,105,6,16,18
4:00:00 PM,7,Tuesday,144,14,12,16
4:15:00 PM,7,Tuesday,121,17,35,14
4:30:00 PM,7,Tuesday,145,5,20,12
4:45:00 PM,7,Tuesday,127,11,24,16
5:00:00 PM,7,Tuesday,116,11,11,16
5:15:00 PM,7,Tuesday,128,9,29,20
5:30:00 PM,7,Tuesday,116,18,32,18
5:45:00 PM,7,Tuesday,149,20,17,13
6:00:00 PM,7,Tuesday,144,27,22,16
6:15:00 PM,7,Tuesday,145,6,40,13
6:30:00 PM,7,Tuesday,63,2,11,32
6:45:00 PM,7,Tuesday,110,16,18,34
7:00:00 PM,7,Tuesday,63,11,10,23
7:15:00 PM,7,Tuesday,106,8,10,31
7:30:00 PM,7,Tuesday,50,9,11,22
7:45:00 PM,7,Tuesday,53,13,12,15
8:00:00 PM,7,Tuesday,81,0,18,12
8:15:00 PM,7,Tuesday,90,20,20,10
8:30:00 PM,7,Tuesday,56,12,9,22
8:45:00 PM,7,Tuesday,90,0,11,32
9:00:00 PM,7,Tuesday,102,4,8,28
9:15:00 PM,7,Tuesday,99,0,11,21
9:30:00 PM,7,Tuesday,85,2,16,25
9:45:00 PM,7,Tuesday,13,2,2,26
10:00:00 PM,7,Tuesday,12,1,1,20
10:15:00 PM,7,Tuesday,7,0,1,35
10:30:00 PM,7,Tuesday,9,0,2,38
10:45:00 PM,7,Tuesday,8,1,0,26
11:00:00 PM,7,Tuesday,5,0,0,35
11:15:00 PM,7,Tuesday,13,1,2,30
11:30:00 PM,7,Tuesday,7,2,2,37
11:45:00 PM,7,Tuesday,9,2,2,28
12:00:00 AM,8,Wednesday,6,1,1,35
12:15:00 AM,8,Wednesday,14,0,1,20
12:30:00 AM,8,Wednesday,11,0,2,39
12:45:00 AM,8,Wednesday,9,2,0,28
1:00:00 AM,8,Wednesday,5,0,0,22
1:15:00 AM,8,Wednesday,9,0,0,24
1:30:00 AM,8,Wednesday,5,2,2,30
1:45:00 AM,8,Wednesday,9,0,1,27
2:00:00 AM,8,Wednesday,9,1,0,39
2:15:00 AM,8,Wednesday,6,0,0,33
2:30:00 AM,8,Wednesday,13,2,1,30
2:45:00 AM,8,Wednesday,5,0,1,34
3:00:00 AM,8,Wednesday,5,0,0,34
3:15:00 AM,8,Wednesday,9,2,2,29
3:30:00 AM,8,Wednesday,9,1,0,34
3:45:00 AM,8,Wednesday,8,0,0,40
4:00:00 AM,8,Wednesday,64,10,7,15
4:15:00 AM,8,Wednesday,66,3,1,26
4:30:00 AM,8,Wednesday,57,10,2,18
4:45:00 AM,8,Wednesday,76,7,4,15
5:00:00 AM,8,Wednesday,71,8,5,21
5:15:00 AM,8,Wednesday,65,0,6,30
5:30:00 AM,8,Wednesday,54,2,3,13
5:45:00 AM,8,Wednesday,107,10,23,5
6:00:00 AM,8,Wednesday,102,28,22,11
6:15:00 AM,8,Wednesday,118,16,19,8
6:30:00 AM,8,Wednesday,144,13,10,5
6:45:00 AM,8,Wednesday,147,21,12,11
7:00:00 AM,8,Wednesday,116,10,11,13
7:15:00 AM,8,Wednesday,142,11,25,5
7:30:00 AM,8,Wednesday,105,25,13,9
7:45:00 AM,8,Wednesday,138,23,17,12
8:00:00 AM,8,Wednesday,144,15,15,14
8:15:00 AM,8,Wednesday,122,24,17,9
8:30:00 AM,8,Wednesday,137,28,17,14
8:45:00 AM,8,Wednesday,113,16,12,12
9:00:00 AM,8,Wednesday,78,8,11,9
9:15:00 AM,8,Wednesday,44,12,27,13
9:30:00 AM,8,Wednesday,57,13,11,14
9:45:00 AM,8,Wednesday,72,9,27,12
10:00:00 AM,8,Wednesday,58,14,7,16
10:15:00 AM,8,Wednesday,80,9,26,10
10:30:00 AM,8,Wednesday,68,12,10,18
10:45:00 AM,8,Wednesday,57,8,13,32
11:00:00 AM,8,Wednesday,37,10,5,33
11:15:00 AM,8,Wednesday,59,0,1,26
11:30:00 AM,8,Wednesday,31,9,13,33
11:45:00 AM,8,Wednesday,54,8,9,30
12:00:00 PM,8,Wednesday,33,6,0,29
12:15:00 PM,8,Wednesday,65,0,13,28
12:30:00 PM,8,Wednesday,24,4,6,29
12:45:00 PM,8,Wednesday,46,10,12,29
1:00:00 PM,8,Wednesday,37,16,3,23
1:15:00 PM,8,Wednesday,42,16,26,17
1:30:00 PM,8,Wednesday,74,8,7,29
1:45:00 PM,8,Wednesday,43,12,21,11
2:00:00 PM,8,Wednesday,72,5,11,29
2:15:00 PM,8,Wednesday,62,14,22,19
2:30:00 PM,8,Wednesday,55,13,16,10
2:45:00 PM,8,Wednesday,97,9,15,26
3:00:00 PM,8,Wednesday,42,17,2,11
3:15:00 PM,8,Wednesday,16,14,14,18
3:30:00 PM,8,Wednesday,73,0,33,30
3:45:00 PM,8,Wednesday,106,5,29,14
4:00:00 PM,8,Wednesday,142,16,18,10
4:15:00 PM,8,Wednesday,112,8,21,17
4:30:00 PM,8,Wednesday,129,7,26,15
4:45:00 PM,8,Wednesday,131,11,10,18
5:00:00 PM,8,Wednesday,104,17,12,16
5:15:00 PM,8,Wednesday,128,19,32,20
5:30:00 PM,8,Wednesday,144,16,14,11
5:45:00 PM,8,Wednesday,150,5,11,18
6:00:00 PM,8,Wednesday,128,20,16,16
6:15:00 PM,8,Wednesday,104,28,12,11
6:30:00 PM,8,Wednesday,62,13,6,15
6:45:00 PM,8,Wednesday,66,16,17,35
7:00:00 PM,8,Wednesday,103,10,8,27
7:15:00 PM,8,Wednesday,63,0,10,18
7:30:00 PM,8,Wednesday,100,11,10,35
7:45:00 PM,8,Wednesday,70,1,7,20
8:00:00 PM,8,Wednesday,82,13,6,18
8:15:00 PM,8,Wednesday,98,16,17,33
8:30:00 PM,8,Wednesday,60,4,20,31
8:45:00 PM,8,Wednesday,90,18,15,23
9:00:00 PM,8,Wednesday,64,9,8,25
9:15:00 PM,8,Wednesday,82,14,11,18
9:30:00 PM,8,Wednesday,55,9,15,17
9:45:00 PM,8,Wednesday,7,1,2,24
10:00:00 PM,8,Wednesday,11,0,1,28
10:15:00 PM,8,Wednesday,9,1,1,20
10:30:00 PM,8,Wednesday,15,0,2,40
10:45:00 PM,8,Wednesday,12,1,1,24
11:00:00 PM,8,Wednesday,8,0,1,32
11:15:00 PM,8,Wednesday,7,2,0,36
11:30:00 PM,8,Wednesday,8,1,2,36
11:45:00 PM,8,Wednesday,6,2,0,23
12:00:00 AM,9,Thursday,12,1,2,33
12:15:00 AM,9,Thursday,9,0,1,25
12:30:00 AM,9,Thursday,13,0,2,23
12:45:00 AM,9,Thursday,15,2,0,28
1:00:00 AM,9,Thursday,9,1,1,31
1:15:00 AM,9,Thursday,10,1,1,32
1:30:00 AM,9,Thursday,10,0,0,33
1:45:00 AM,9,Thursday,12,1,0,35
2:00:00 AM,9,Thursday,15,0,2,27
2:15:00 AM,9,Thursday,13,1,2,34
2:30:00 AM,9,Thursday,12,0,1,35
2:45:00 AM,9,Thursday,13,2,0,28
3:00:00 AM,9,Thursday,6,1,1,21
3:15:00 AM,9,Thursday,12,1,0,27
3:30:00 AM,9,Thursday,8,0,0,20
3:45:00 AM,9,Thursday,8,2,2,35
4:00:00 AM,9,Thursday,65,1,6,18
4:15:00 AM,9,Thursday,60,8,6,10
4:30:00 AM,9,Thursday,56,10,4,11
4:45:00 AM,9,Thursday,57,0,3,21
5:00:00 AM,9,Thursday,78,5,6,12
5:15:00 AM,9,Thursday,67,10,1,25
5:30:00 AM,9,Thursday,83,3,7,20
5:45:00 AM,9,Thursday,102,25,15,8
6:00:00 AM,9,Thursday,96,22,10,8
6:15:00 AM,9,Thursday,101,21,19,15
6:30:00 AM,9,Thursday,88,21,24,13
6:45:00 AM,9,Thursday,118,11,16,5
7:00:00 AM,9,Thursday,106,14,15,11
7:15:00 AM,9,Thursday,150,30,14,15
7:30:00 AM,9,Thursday,80,18,23,7
7:45:00 AM,9,Thursday,142,29,15,5
8:00:00 AM,9,Thursday,81,30,22,6
8:15:00 AM,9,Thursday,109,18,14,8
8:30:00 AM,9,Thursday,130,14,13,6
8:45:00 AM,9,Thursday,150,19,23,12
9:00:00 AM,9,Thursday,63,5,14,10
9:15:00 AM,9,Thursday,36,6,15,6
9:30:00 AM,9,Thursday,60,6,6,11
9:45:00 AM,9,Thursday,46,11,9,17
10:00:00 AM,9,Thursday,78,15,26,15
10:15:00 AM,9,Thursday,54,5,11,7
10:30:00 AM,9,Thursday,39,10,28,11
10:45:00 AM,9,Thursday,62,1,11,34
11:00:00 AM,9,Thursday,59,2,11,33
11:15:00 AM,9,Thursday,61,4,8,34
11:30:00 AM,9,Thursday,62,10,12,35
11:45:00 AM,9,Thursday,42,8,6,35
12:00:00 PM,9,Thursday,64,5,1,34
12:15:00 PM,9,Thursday,57,5,2,29
12:30:00 PM,9,Thursday,68,4,9,26
12:45:00 PM,9,Thursday,24,7,2,29
1:00:00 PM,9,Thursday,12,1,33,24
1:15:00 PM,9,Thursday,85,2,30,16
1:30:00 PM,9,Thursday,41,18,30,14
1:45:00 PM,9,Thursday,6,16,26,18
2:00:00 PM,9,Thursday,75,1,18,20
2:15:00 PM,9,Thursday,92,15,17,15
2:30:00 PM,9,Thursday,71,2,5,20
2:45:00 PM,9,Thursday,98,20,21,14
3:00:00 PM,9,Thursday,77,6,16,28
3:15:00 PM,9,Thursday,61,0,24,19
3:30:00 PM,9,Thursday,90,5,13,16
3:45:00 PM,9,Thursday,119,8,34,12
4:00:00 PM,9,Thursday,120,17,37,14
4:15:00 PM,9,Thursday,141,23,24,15
4:30:00 PM,9,Thursday,118,30,28,11
4:45:00 PM,9,Thursday,139,30,33,16
5:00:00 PM,9,Thursday,132,16,13,11
5:15:00 PM,9,Thursday,115,26,34,20
5:30:00 PM,9,Thursday,105,16,32,17
5:45:00 PM,9,Thursday,116,10,27,11
6:00:00 PM,9,Thursday,147,22,17,20
6:15:00 PM,9,Thursday,138,13,15,13
6:30:00 PM,9,Thursday,84,4,14,33
6:45:00 PM,9,Thursday,86,11,12,14
7:00:00 PM,9,Thursday,75,2,17,31
7:15:00 PM,9,Thursday,51,5,5,17
7:30:00 PM,9,Thursday,76,18,5,21
7:45:00 PM,9,Thursday,67,12,10,16
8:00:00 PM,9,Thursday,99,4,9,19
8:15:00 PM,9,Thursday,66,19,16,30
8:30:00 PM,9,Thursday,69,0,8,13
8:45:00 PM,9,Thursday,50,18,5,34
9:00:00 PM,9,Thursday,56,19,11,24
9:15:00 PM,9,Thursday,107,17,11,28
9:30:00 PM,9,Thursday,110,16,7,34
9:45:00 PM,9,Thursday,5,0,1,24
10:00:00 PM,9,Thursday,6,0,1,36
10:15:00 PM,9,Thursday,5,1,2,20
10:30:00 PM,9,Thursday,6,2,1,28
10:45:00 PM,9,Thursday,6,0,2,34
11:00:00 PM,9,Thursday,5,0,2,24
11:15:00 PM,9,Thursday,11,2,2,32
11:30:00 PM,9,Thursday,5,2,2,37
11:45:00 PM,9,Thursday,10,1,0,25
12:00:00 AM,10,Tuesday,31,0,4,4
12:15:00 AM,10,Tuesday,49,0,3,3
12:30:00 AM,10,Tuesday,46,0,3,6
12:45:00 AM,10,Tuesday,51,0,2,5
1:00:00 AM,10,Tuesday,57,6,15,16
1:15:00 AM,10,Tuesday,44,0,5,4
1:30:00 AM,10,Tuesday,37,0,1,4
1:45:00 AM,10,Tuesday,42,4,4,5
2:00:00 AM,10,Tuesday,51,0,9,7
2:15:00 AM,10,Tuesday,34,0,4,7
2:30:00 AM,10,Tuesday,45,0,1,1
2:45:00 AM,10,Tuesday,45,0,1,3
3:00:00 AM,10,Tuesday,50,0,3,0
3:15:00 AM,10,Tuesday,34,0,4,4
3:30:00 AM,10,Tuesday,129,22,42,1
3:45:00 AM,10,Tuesday,144,16,49,0
4:00:00 AM,10,Tuesday,111,28,20,3
4:15:00 AM,10,Tuesday,67,11,10,16
4:30:00 AM,10,Tuesday,65,24,7,16
4:45:00 AM,10,Tuesday,94,27,7,16
5:00:00 AM,10,Tuesday,94,20,8,7
5:15:00 AM,10,Tuesday,67,29,5,10
5:30:00 AM,10,Tuesday,56,12,2,14
5:45:00 AM,10,Tuesday,57,13,3,11
6:00:00 AM,10,Tuesday,129,22,42,1
6:15:00 AM,10,Tuesday,144,16,49,0
6:30:00 AM,10,Tuesday,111,28,20,3
6:45:00 AM,10,Tuesday,120,27,46,3
7:00:00 AM,10,Tuesday,102,39,47,1
7:15:00 AM,10,Tuesday,145,23,27,0
7:30:00 AM,10,Tuesday,114,37,21,5
7:45:00 AM,10,Tuesday,108,18,22,1
8:00:00 AM,10,Tuesday,122,28,33,1
8:15:00 AM,10,Tuesday,114,39,30,3
8:30:00 AM,10,Tuesday,150,36,25,1
8:45:00 AM,10,Tuesday,107,10,49,2
9:00:00 AM,10,Tuesday,124,24,22,0
9:15:00 AM,10,Tuesday,77,16,39,29
9:30:00 AM,10,Tuesday,15,23,30,21
9:45:00 AM,10,Tuesday,32,22,38,21
10:00:00 AM,10,Tuesday,68,13,29,24
10:15:00 AM,10,Tuesday,27,16,36,30
10:30:00 AM,10,Tuesday,76,7,11,15
10:45:00 AM,10,Tuesday,41,23,20,17
11:00:00 AM,10,Tuesday,33,10,3,29
11:15:00 AM,10,Tuesday,58,8,14,29
11:30:00 AM,10,Tuesday,65,7,11,26
11:45:00 AM,10,Tuesday,47,9,6,29
12:00:00 PM,10,Tuesday,38,10,5,25
12:15:00 PM,10,Tuesday,57,8,12,29
12:30:00 PM,10,Tuesday,20,6,4,20
12:45:00 PM,10,Tuesday,24,9,14,23
1:00:00 PM,10,Tuesday,52,10,13,21
1:15:00 PM,10,Tuesday,79,15,36,18
1:30:00 PM,10,Tuesday,84,24,22,18
1:45:00 PM,10,Tuesday,59,19,35,16
2:00:00 PM,10,Tuesday,88,26,31,19
2:15:00 PM,10,Tuesday,24,11,32,13
2:30:00 PM,10,Tuesday,110,17,23,20
2:45:00 PM,10,Tuesday,29,26,5,6
3:00:00 PM,10,Tuesday,43,26,11,20
3:15:00 PM,10,Tuesday,68,28,9,15
3:30:00 PM,10,Tuesday,108,16,8,18
3:45:00 PM,10,Tuesday,101,26,8,14
4:00:00 PM,10,Tuesday,141,31,36,6
4:15:00 PM,10,Tuesday,120,25,28,5
4:30:00 PM,10,Tuesday,137,23,44,5
4:45:00 PM,10,Tuesday,124,11,30,7
5:00:00 PM,10,Tuesday,145,25,49,7
5:15:00 PM,10,Tuesday,122,37,23,8
5:30:00 PM,10,Tuesday,136,30,20,9
5:45:00 PM,10,Tuesday,145,18,40,9
6:00:00 PM,10,Tuesday,138,34,28,5
6:15:00 PM,10,Tuesday,123,10,29,8
6:30:00 PM,10,Tuesday,105,15,21,9
6:45:00 PM,10,Tuesday,75,22,20,11
7:00:00 PM,10,Tuesday,90,12,10,13
7:15:00 PM,10,Tuesday,102,22,20,16
7:30:00 PM,10,Tuesday,61,18,15,27
7:45:00 PM,10,Tuesday,70,8,14,6
8:00:00 PM,10,Tuesday,80,17,12,34
8:15:00 PM,10,Tuesday,62,12,14,19
8:30:00 PM,10,Tuesday,96,5,11,13
8:45:00 PM,10,Tuesday,102,6,12,13
9:00:00 PM,10,Tuesday,91,14,15,6
9:15:00 PM,10,Tuesday,95,8,17,13
9:30:00 PM,10,Tuesday,75,15,12,21
9:45:00 PM,10,Tuesday,53,21,20,10
10:00:00 PM,10,Tuesday,13,1,0,19
10:15:00 PM,10,Tuesday,10,0,1,24
10:30:00 PM,10,Tuesday,16,2,0,33
10:45:00 PM,10,Tuesday,11,1,0,29
11:00:00 PM,10,Tuesday,18,2,1,13
11:15:00 PM,10,Tuesday,15,0,1,11
11:30:00 PM,10,Tuesday,14,1,0,33
11:45:00 PM,10,Tuesday,17,2,0,22
12:00:00 AM,11,Wednesday,12,2,1,17
12:15:00 AM,11,Wednesday,18,0,0,29
12:30:00 AM,11,Wednesday,16,1,0,14
12:45:00 AM,11,Wednesday,20,0,0,14
1:00:00 AM,11,Wednesday,20,1,1,30
1:15:00 AM,11,Wednesday,15,0,1,23
1:30:00 AM,11,Wednesday,16,0,1,26
1:45:00 AM,11,Wednesday,18,4,0,11
2:00:00 AM,11,Wednesday,17,3,1,36
2:15:00 AM,11,Wednesday,14,4,1,10
2:30:00 AM,11,Wednesday,18,2,1,25
2:45:00 AM,11,Wednesday,12,2,0,19
3:00:00 AM,11,Wednesday,11,4,0,30
3:15:00 AM,11,Wednesday,19,1,1,36
3:30:00 AM,11,Wednesday,10,4,0,36
3:45:00 AM,11,Wednesday,20,1,1,32
4:00:00 AM,11,Wednesday,15,5,1,40
4:15:00 AM,11,Wednesday,104,6,5,1
4:30:00 AM,11,Wednesday,109,25,3,8
4:45:00 AM,11,Wednesday,82,23,8,20
5:00:00 AM,11,Wednesday,81,25,1,18
5:15:00 AM,11,Wednesday,95,16,10,1
5:30:00 AM,11,Wednesday,91,24,7,6
5:45:00 AM,11,Wednesday,81,30,10,0
6:00:00 AM,11,Wednesday,125,13,26,2
6:15:00 AM,11,Wednesday,125,39,49,3
6:30:00 AM,11,Wednesday,125,34,37,1
6:45:00 AM,11,Wednesday,125,19,25,4
7:00:00 AM,11,Wednesday,125,15,49,0
7:15:00 AM,11,Wednesday,125,32,50,5
7:30:00 AM,11,Wednesday,125,38,50,1
7:45:00 AM,11,Wednesday,125,29,29,3
8:00:00 AM,11,Wednesday,125,31,48,4
8:15:00 AM,11,Wednesday,125,32,50,0
8:30:00 AM,11,Wednesday,125,31,45,0
8:45:00 AM,11,Wednesday,125,21,20,1
9:00:00 AM,11,Wednesday,125,28,36,0
9:15:00 AM,11,Wednesday,39,10,37,16
9:30:00 AM,11,Wednesday,89,8,12,13
9:45:00 AM,11,Wednesday,51,16,16,13
10:00:00 AM,11,Wednesday,17,9,18,28
10:15:00 AM,11,Wednesday,48,25,36,21
10:30:00 AM,11,Wednesday,93,7,30,16
10:45:00 AM,11,Wednesday,55,15,36,15
11:00:00 AM,11,Wednesday,51,10,8,22
11:15:00 AM,11,Wednesday,51,7,3,24
11:30:00 AM,11,Wednesday,51,9,7,30
11:45:00 AM,11,Wednesday,51,7,14,20
12:00:00 PM,11,Wednesday,51,10,14,20
12:15:00 PM,11,Wednesday,51,10,6,22
12:30:00 PM,11,Wednesday,51,8,11,22
12:45:00 PM,11,Wednesday,51,6,10,26
1:00:00 PM,11,Wednesday,51,7,7,27
1:15:00 PM,11,Wednesday,104,17,25,20
1:30:00 PM,11,Wednesday,6,28,27,14
1:45:00 PM,11,Wednesday,54,29,37,9
2:00:00 PM,11,Wednesday,43,13,30,20
2:15:00 PM,11,Wednesday,60,21,26,11
2:30:00 PM,11,Wednesday,101,23,8,20
2:45:00 PM,11,Wednesday,62,26,19,11
3:00:00 PM,11,Wednesday,39,24,13,11
3:15:00 PM,11,Wednesday,90,20,35,7
3:30:00 PM,11,Wednesday,109,30,22,20
3:45:00 PM,11,Wednesday,68,26,25,20
4:00:00 PM,11,Wednesday,142,22,37,6
4:15:00 PM,11,Wednesday,113,14,20,5
4:30:00 PM,11,Wednesday,142,13,37,8
4:45:00 PM,11,Wednesday,108,23,26,9
5:00:00 PM,11,Wednesday,122,29,30,7
5:15:00 PM,11,Wednesday,133,12,30,7
5:30:00 PM,11,Wednesday,118,23,38,10
5:45:00 PM,11,Wednesday,121,35,26,8
6:00:00 PM,11,Wednesday,116,23,20,8
6:15:00 PM,11,Wednesday,132,12,27,8
6:30:00 PM,11,Wednesday,144,17,33,7
6:45:00 PM,11,Wednesday,103,21,11,11
7:00:00 PM,11,Wednesday,107,15,10,15
7:15:00 PM,11,Wednesday,50,10,10,17
7:30:00 PM,11,Wednesday,108,15,10,6
7:45:00 PM,11,Wednesday,108,24,15,29
8:00:00 PM,11,Wednesday,101,6,15,13
8:15:00 PM,11,Wednesday,55,17,12,19
8:30:00 PM,11,Wednesday,77,7,20,16
8:45:00 PM,11,Wednesday,91,12,19,8
9:00:00 PM,11,Wednesday,95,25,17,29
9:15:00 PM,11,Wednesday,78,17,17,27
9:30:00 PM,11,Wednesday,98,16,16,21
9:45:00 PM,11,Wednesday,86,13,11,35
10:00:00 PM,11,Wednesday,18,4,0,16
10:15:00 PM,11,Wednesday,18,5,0,12
10:30:00 PM,11,Wednesday,18,2,1,25
10:45:00 PM,11,Wednesday,18,1,0,17
11:00:00 PM,11,Wednesday,18,5,0,21
11:15:00 PM,11,Wednesday,18,0,1,12
11:30:00 PM,11,Wednesday,18,3,1,28
11:45:00 PM,11,Wednesday,18,4,1,40
12:00:00 AM,12,Thursday,18,1,1,39
12:15:00 AM,12,Thursday,18,4,0,30
12:30:00 AM,12,Thursday,18,5,1,13
12:45:00 AM,12,Thursday,18,2,0,37
1:00:00 AM,12,Thursday,18,0,0,13
1:15:00 AM,12,Thursday,18,5,0,11
1:30:00 AM,12,Thursday,18,5,1,12
1:45:00 AM,12,Thursday,18,1,1,16
2:00:00 AM,12,Thursday,18,1,1,34
2:15:00 AM,12,Thursday,18,1,0,24
2:30:00 AM,12,Thursday,18,0,0,23
2:45:00 AM,12,Thursday,18,0,0,27
3:00:00 AM,12,Thursday,18,5,0,28
3:15:00 AM,12,Thursday,18,1,0,14
3:30:00 AM,12,Thursday,18,5,0,25
3:45:00 AM,12,Thursday,18,4,1,30
4:00:00 AM,12,Thursday,18,5,1,30
4:15:00 AM,12,Thursday,62,24,7,2
4:30:00 AM,12,Thursday,51,23,6,1
4:45:00 AM,12,Thursday,114,23,10,19
5:00:00 AM,12,Thursday,85,22,9,9
5:15:00 AM,12,Thursday,102,24,4,20
5:30:00 AM,12,Thursday,101,18,3,17
5:45:00 AM,12,Thursday,116,19,0,17
6:00:00 AM,12,Thursday,117,38,50,5
6:15:00 AM,12,Thursday,114,32,34,2
6:30:00 AM,12,Thursday,120,17,23,1
6:45:00 AM,12,Thursday,145,20,25,2
7:00:00 AM,12,Thursday,125,30,48,1
7:15:00 AM,12,Thursday,103,27,45,1
7:30:00 AM,12,Thursday,114,20,43,1
7:45:00 AM,12,Thursday,145,10,44,1
8:00:00 AM,12,Thursday,147,31,20,4
8:15:00 AM,12,Thursday,104,24,40,0
8:30:00 AM,12,Thursday,124,11,22,0
8:45:00 AM,12,Thursday,101,37,31,4
9:00:00 AM,12,Thursday,144,30,37,1
9:15:00 AM,12,Thursday,24,18,37,18
9:30:00 AM,12,Thursday,24,8,17,25
9:45:00 AM,12,Thursday,16,22,12,20
10:00:00 AM,12,Thursday,26,2,39,26
10:15:00 AM,12,Thursday,90,7,18,15
10:30:00 AM,12,Thursday,59,6,11,11
10:45:00 AM,12,Thursday,28,7,22,18
11:00:00 AM,12,Thursday,60,5,14,21
11:15:00 AM,12,Thursday,69,9,8,23
11:30:00 AM,12,Thursday,59,9,12,26
11:45:00 AM,12,Thursday,24,10,5,21
12:00:00 PM,12,Thursday,41,7,7,21
12:15:00 PM,12,Thursday,48,10,9,29
12:30:00 PM,12,Thursday,59,10,14,23
12:45:00 PM,12,Thursday,67,7,12,28
1:00:00 PM,12,Thursday,52,9,8,20
1:15:00 PM,12,Thursday,45,26,29,10
1:30:00 PM,12,Thursday,14,21,7,18
1:45:00 PM,12,Thursday,55,22,24,10
2:00:00 PM,12,Thursday,45,14,39,5
2:15:00 PM,12,Thursday,90,17,16,11
2:30:00 PM,12,Thursday,33,21,25,5
2:45:00 PM,12,Thursday,118,25,31,13
3:00:00 PM,12,Thursday,86,28,13,5
3:15:00 PM,12,Thursday,105,29,22,12
3:30:00 PM,12,Thursday,10,19,26,8
3:45:00 PM,12,Thursday,46,22,18,9
4:00:00 PM,12,Thursday,105,35,48,6
4:15:00 PM,12,Thursday,135,37,34,5
4:30:00 PM,12,Thursday,103,29,44,6
4:45:00 PM,12,Thursday,113,13,42,10
5:00:00 PM,12,Thursday,103,20,27,9
5:15:00 PM,12,Thursday,150,13,20,9
5:30:00 PM,12,Thursday,116,25,33,8
5:45:00 PM,12,Thursday,109,16,41,9
6:00:00 PM,12,Thursday,112,11,50,5
6:15:00 PM,12,Thursday,104,31,30,5
6:30:00 PM,12,Thursday,146,18,40,6
6:45:00 PM,12,Thursday,110,24,10,29
7:00:00 PM,12,Thursday,60,15,12,25
7:15:00 PM,12,Thursday,103,9,14,29
7:30:00 PM,12,Thursday,102,6,15,6
7:45:00 PM,12,Thursday,51,17,16,8
8:00:00 PM,12,Thursday,62,12,11,18
8:15:00 PM,12,Thursday,103,14,12,5
8:30:00 PM,12,Thursday,50,7,11,23
8:45:00 PM,12,Thursday,80,14,20,6
9:00:00 PM,12,Thursday,98,13,18,21
9:15:00 PM,12,Thursday,53,25,20,13
9:30:00 PM,12,Thursday,52,8,10,27
9:45:00 PM,12,Thursday,71,23,13,21
10:00:00 PM,12,Thursday,17,3,0,29
10:15:00 PM,12,Thursday,20,5,1,36
10:30:00 PM,12,Thursday,15,0,0,32
10:45:00 PM,12,Thursday,15,0,1,20
11:00:00 PM,12,Thursday,14,2,0,23
11:15:00 PM,12,Thursday,13,1,0,29
11:30:00 PM,12,Thursday,14,5,0,31
11:45:00 PM,12,Thursday,16,3,0,33
12:00:00 AM,13,Friday,18,4,1,15
12:15:00 AM,13,Friday,20,0,1,23
12:30:00 AM,13,Friday,19,3,0,16
12:45:00 AM,13,Friday,10,3,0,12
1:00:00 AM,13,Friday,10,4,0,23
1:15:00 AM,13,Friday,12,5,0,29
1:30:00 AM,13,Friday,10,0,0,39
1:45:00 AM,13,Friday,16,2,1,21
2:00:00 AM,13,Friday,18,4,1,36
2:15:00 AM,13,Friday,15,1,0,14
2:30:00 AM,13,Friday,17,4,0,13
2:45:00 AM,13,Friday,18,3,1,24
3:00:00 AM,13,Friday,19,2,0,11
3:15:00 AM,13,Friday,19,3,0,21
3:30:00 AM,13,Friday,19,3,1,31
3:45:00 AM,13,Friday,14,2,1,19
4:00:00 AM,13,Friday,11,0,0,27
4:15:00 AM,13,Friday,27,6,1,11
4:30:00 AM,13,Friday,33,11,6,13
4:45:00 AM,13,Friday,63,6,7,10
5:00:00 AM,13,Friday,58,13,4,15
5:15:00 AM,13,Friday,57,11,7,10
5:30:00 AM,13,Friday,63,10,6,12
5:45:00 AM,13,Friday,74,9,0,15
6:00:00 AM,13,Friday,71,9,7,10
6:15:00 AM,13,Friday,33,9,6,13
6:30:00 AM,13,Friday,29,6,1,12
6:45:00 AM,13,Friday,32,9,3,11
7:00:00 AM,13,Friday,57,14,3,11
7:15:00 AM,13,Friday,31,11,0,14
7:30:00 AM,13,Friday,30,9,3,10
7:45:00 AM,13,Friday,61,8,7,12
8:00:00 AM,13,Friday,47,10,4,10
8:15:00 AM,13,Friday,80,16,4,15
8:30:00 AM,13,Friday,49,10,2,10
8:45:00 AM,13,Friday,58,7,5,13
9:00:00 AM,13,Friday,53,19,1,10
9:15:00 AM,13,Friday,132,47,25,0
9:30:00 AM,13,Friday,131,52,15,0
9:45:00 AM,13,Friday,171,59,27,3
10:00:00 AM,13,Friday,131,43,20,3
10:15:00 AM,13,Friday,177,56,12,4
10:30:00 AM,13,Friday,160,47,30,3
10:45:00 AM,13,Friday,178,68,28,4
11:00:00 AM,13,Friday,169,70,20,3
11:15:00 AM,13,Friday,133,56,25,2
11:30:00 AM,13,Friday,151,52,13,0
11:45:00 AM,13,Friday,179,46,27,3
12:00:00 PM,13,Friday,144,68,20,0
12:15:00 PM,13,Friday,162,46,19,2
12:30:00 PM,13,Friday,159,44,23,2
12:45:00 PM,13,Friday,174,67,30,1
1:00:00 PM,13,Friday,136,57,29,4
1:15:00 PM,13,Friday,156,42,12,3
1:30:00 PM,13,Friday,175,63,19,3
1:45:00 PM,13,Friday,172,62,20,2
2:00:00 PM,13,Friday,171,49,15,0
2:15:00 PM,13,Friday,172,65,18,2
2:30:00 PM,13,Friday,176,50,13,1
2:45:00 PM,13,Friday,153,50,23,3
3:00:00 PM,13,Friday,148,64,27,0
3:15:00 PM,13,Friday,56,28,6,2
3:30:00 PM,13,Friday,88,26,25,0
3:45:00 PM,13,Friday,82,23,14,0
4:00:00 PM,13,Friday,77,20,7,0
4:15:00 PM,13,Friday,66,24,1,0
4:30:00 PM,13,Friday,72,22,8,2
4:45:00 PM,13,Friday,62,28,21,2
5:00:00 PM,13,Friday,66,26,4,1
5:15:00 PM,13,Friday,85,20,4,0
5:30:00 PM,13,Friday,87,24,11,2
5:45:00 PM,13,Friday,67,28,25,0
6:00:00 PM,13,Friday,70,26,16,2
6:15:00 PM,13,Friday,62,20,20,1
6:30:00 PM,13,Friday,67,29,1,0
6:45:00 PM,13,Friday,65,25,1,1
7:00:00 PM,13,Friday,76,24,23,0
7:15:00 PM,13,Friday,42,1,5,11
7:30:00 PM,13,Friday,42,10,3,1
7:45:00 PM,13,Friday,31,11,1,12
8:00:00 PM,13,Friday,47,7,3,6
8:15:00 PM,13,Friday,28,7,2,4
8:30:00 PM,13,Friday,22,3,6,1
8:45:00 PM,13,Friday,29,1,7,5
9:00:00 PM,13,Friday,43,9,1,11
9:15:00 PM,13,Friday,23,3,3,8
9:30:00 PM,13,Friday,21,2,5,15
9:45:00 PM,13,Friday,31,2,1,9
10:00:00 PM,13,Friday,15,5,0,18
10:15:00 PM,13,Friday,11,2,0,15
10:30:00 PM,13,Friday,12,0,1,17
10:45:00 PM,13,Friday,18,3,0,18
11:00:00 PM,13,Friday,19,1,0,31
11:15:00 PM,13,Friday,17,0,0,22
11:30:00 PM,13,Friday,15,5,0,14
11:45:00 PM,13,Friday,15,1,1,24
12:00:00 AM,14,Saturday,18,4,0,33
12:15:00 AM,14,Saturday,14,4,0,34
12:30:00 AM,14,Saturday,14,0,1,19
12:45:00 AM,14,Saturday,19,3,0,36
1:00:00 AM,14,Saturday,10,4,1,21
1:15:00 AM,14,Saturday,19,1,0,19
1:30:00 AM,14,Saturday,18,5,0,26
1:45:00 AM,14,Saturday,17,1,1,25
2:00:00 AM,14,Saturday,20,2,0,12
2:15:00 AM,14,Saturday,15,5,0,15
2:30:00 AM,14,Saturday,11,4,0,14
2:45:00 AM,14,Saturday,14,3,1,18
3:00:00 AM,14,Saturday,13,2,0,39
3:15:00 AM,14,Saturday,17,5,0,29
3:30:00 AM,14,Saturday,13,5,0,31
3:45:00 AM,14,Saturday,18,5,0,35
4:00:00 AM,14,Saturday,15,4,0,16
4:15:00 AM,14,Saturday,55,15,5,3
4:30:00 AM,14,Saturday,76,10,7,9
4:45:00 AM,14,Saturday,98,0,9,19
5:00:00 AM,14,Saturday,98,12,6,6
5:15:00 AM,14,Saturday,103,2,10,20
5:30:00 AM,14,Saturday,93,17,8,12
5:45:00 AM,14,Saturday,115,27,9,16
6:00:00 AM,14,Saturday,120,12,22,3
6:15:00 AM,14,Saturday,142,18,27,0
6:30:00 AM,14,Saturday,117,29,49,2
6:45:00 AM,14,Saturday,126,36,24,0
7:00:00 AM,14,Saturday,110,39,38,5
7:15:00 AM,14,Saturday,149,20,39,5
7:30:00 AM,14,Saturday,109,29,23,5
7:45:00 AM,14,Saturday,124,34,24,4
8:00:00 AM,14,Saturday,149,35,32,1
8:15:00 AM,14,Saturday,125,32,38,4
8:30:00 AM,14,Saturday,101,23,38,1
8:45:00 AM,14,Saturday,137,36,30,0
9:00:00 AM,14,Saturday,139,15,21,3
9:15:00 AM,14,Saturday,19,3,29,9
9:30:00 AM,14,Saturday,13,11,39,7
9:45:00 AM,14,Saturday,31,2,29,27
10:00:00 AM,14,Saturday,18,24,21,22
10:15:00 AM,14,Saturday,26,12,14,13
10:30:00 AM,14,Saturday,31,15,13,28
10:45:00 AM,14,Saturday,12,22,8,11
11:00:00 AM,14,Saturday,54,5,13,23
11:15:00 AM,14,Saturday,59,7,13,21
11:30:00 AM,14,Saturday,58,8,6,23
11:45:00 AM,14,Saturday,53,8,9,25
12:00:00 PM,14,Saturday,54,7,7,20
12:15:00 PM,14,Saturday,39,10,4,29
12:30:00 PM,14,Saturday,38,9,8,22
12:45:00 PM,14,Saturday,36,5,10,23
1:00:00 PM,14,Saturday,68,6,12,24
1:15:00 PM,14,Saturday,50,18,26,14
1:30:00 PM,14,Saturday,120,28,22,20
1:45:00 PM,14,Saturday,60,14,28,9
2:00:00 PM,14,Saturday,105,14,8,19
2:15:00 PM,14,Saturday,89,27,18,8
2:30:00 PM,14,Saturday,28,17,31,10
2:45:00 PM,14,Saturday,79,14,23,6
3:00:00 PM,14,Saturday,15,11,30,14
3:15:00 PM,14,Saturday,77,27,23,18
3:30:00 PM,14,Saturday,19,14,24,6
3:45:00 PM,14,Saturday,79,13,28,7
4:00:00 PM,14,Saturday,114,10,22,9
4:15:00 PM,14,Saturday,150,30,22,5
4:30:00 PM,14,Saturday,142,23,25,7
4:45:00 PM,14,Saturday,111,36,25,6
5:00:00 PM,14,Saturday,143,37,38,8
5:15:00 PM,14,Saturday,120,37,43,10
5:30:00 PM,14,Saturday,147,20,49,7
5:45:00 PM,14,Saturday,140,22,27,5
6:00:00 PM,14,Saturday,128,37,20,9
6:15:00 PM,14,Saturday,114,23,42,10
6:30:00 PM,14,Saturday,117,20,22,9
6:45:00 PM,14,Saturday,93,24,17,23
7:00:00 PM,14,Saturday,65,15,15,8
7:15:00 PM,14,Saturday,100,22,14,8
7:30:00 PM,14,Saturday,85,12,11,18
7:45:00 PM,14,Saturday,56,7,12,12
8:00:00 PM,14,Saturday,50,12,15,18
8:15:00 PM,14,Saturday,74,9,11,12
8:30:00 PM,14,Saturday,73,15,18,7
8:45:00 PM,14,Saturday,99,13,20,30
9:00:00 PM,14,Saturday,110,14,17,8
9:15:00 PM,14,Saturday,82,5,12,34
9:30:00 PM,14,Saturday,58,19,12,17
9:45:00 PM,14,Saturday,70,10,14,32
10:00:00 PM,14,Saturday,10,1,0,33
10:15:00 PM,14,Saturday,14,1,1,40
10:30:00 PM,14,Saturday,17,1,1,17
10:45:00 PM,14,Saturday,12,4,1,22
11:00:00 PM,14,Saturday,15,0,0,16
11:15:00 PM,14,Saturday,13,4,0,25
11:30:00 PM,14,Saturday,14,5,1,12
11:45:00 PM,14,Saturday,18,1,1,35
12:00:00 AM,15,Sunday,18,5,1,19
12:15:00 AM,15,Sunday,19,3,0,38
12:30:00 AM,15,Sunday,13,0,1,12
12:45:00 AM,15,Sunday,20,0,1,38
1:00:00 AM,15,Sunday,20,1,1,24
1:15:00 AM,15,Sunday,17,3,1,17
1:30:00 AM,15,Sunday,12,3,1,35
1:45:00 AM,15,Sunday,19,0,1,30
2:00:00 AM,15,Sunday,19,2,1,30
2:15:00 AM,15,Sunday,18,1,0,16
2:30:00 AM,15,Sunday,11,0,0,31
2:45:00 AM,15,Sunday,10,1,1,12
3:00:00 AM,15,Sunday,16,1,0,24
3:15:00 AM,15,Sunday,18,3,0,28
3:30:00 AM,15,Sunday,20,1,1,39
3:45:00 AM,15,Sunday,19,3,1,27
4:00:00 AM,15,Sunday,14,1,1,34
4:15:00 AM,15,Sunday,61,26,1,16
4:30:00 AM,15,Sunday,72,26,6,4
4:45:00 AM,15,Sunday,86,24,3,18
5:00:00 AM,15,Sunday,75,1,8,10
5:15:00 AM,15,Sunday,75,1,7,9
5:30:00 AM,15,Sunday,93,5,4,1
5:45:00 AM,15,Sunday,111,6,2,5
6:00:00 AM,15,Sunday,111,18,41,2
6:15:00 AM,15,Sunday,114,27,46,0
6:30:00 AM,15,Sunday,139,19,50,2
6:45:00 AM,15,Sunday,109,14,38,1
7:00:00 AM,15,Sunday,105,16,22,3
7:15:00 AM,15,Sunday,150,13,31,4
7:30:00 AM,15,Sunday,122,13,47,3
7:45:00 AM,15,Sunday,114,24,46,2
8:00:00 AM,15,Sunday,119,36,41,0
8:15:00 AM,15,Sunday,108,35,39,0
8:30:00 AM,15,Sunday,113,18,28,1
8:45:00 AM,15,Sunday,118,36,37,0
9:00:00 AM,15,Sunday,113,35,48,3
9:15:00 AM,15,Sunday,66,7,22,30
9:30:00 AM,15,Sunday,64,12,27,8
9:45:00 AM,15,Sunday,37,5,13,11
10:00:00 AM,15,Sunday,82,17,31,20
10:15:00 AM,15,Sunday,63,5,23,12
10:30:00 AM,15,Sunday,20,12,16,24
10:45:00 AM,15,Sunday,46,5,34,9
11:00:00 AM,15,Sunday,35,9,8,29
11:15:00 AM,15,Sunday,33,9,11,21
11:30:00 AM,15,Sunday,32,9,10,30
11:45:00 AM,15,Sunday,62,10,6,22
12:00:00 PM,15,Sunday,62,10,11,22
12:15:00 PM,15,Sunday,54,10,12,25
12:30:00 PM,15,Sunday,48,8,15,23
12:45:00 PM,15,Sunday,20,10,12,24
1:00:00 PM,15,Sunday,35,10,5,30
1:15:00 PM,15,Sunday,112,15,40,10
1:30:00 PM,15,Sunday,51,21,25,13
1:45:00 PM,15,Sunday,53,12,23,8
2:00:00 PM,15,Sunday,63,22,18,15
2:15:00 PM,15,Sunday,50,23,16,8
2:30:00 PM,15,Sunday,94,20,35,17
2:45:00 PM,15,Sunday,7,27,39,17
3:00:00 PM,15,Sunday,109,18,13,6
3:15:00 PM,15,Sunday,18,27,19,6
3:30:00 PM,15,Sunday,21,30,5,5
3:45:00 PM,15,Sunday,49,16,9,12
4:00:00 PM,15,Sunday,129,28,40,6
4:15:00 PM,15,Sunday,141,18,28,8
4:30:00 PM,15,Sunday,131,14,43,7
4:45:00 PM,15,Sunday,105,38,23,5
5:00:00 PM,15,Sunday,125,35,37,5
5:15:00 PM,15,Sunday,127,36,42,9
5:30:00 PM,15,Sunday,129,22,25,9
5:45:00 PM,15,Sunday,121,39,47,8
6:00:00 PM,15,Sunday,138,29,42,9
6:15:00 PM,15,Sunday,119,26,21,5
6:30:00 PM,15,Sunday,138,17,48,8
6:45:00 PM,15,Sunday,72,12,14,32
7:00:00 PM,15,Sunday,92,23,20,30
7:15:00 PM,15,Sunday,94,17,11,24
7:30:00 PM,15,Sunday,102,25,12,24
7:45:00 PM,15,Sunday,71,23,17,14
8:00:00 PM,15,Sunday,58,5,19,25
8:15:00 PM,15,Sunday,93,22,18,10
8:30:00 PM,15,Sunday,59,23,10,35
8:45:00 PM,15,Sunday,57,20,10,20
9:00:00 PM,15,Sunday,96,9,18,25
9:15:00 PM,15,Sunday,104,12,16,20
9:30:00 PM,15,Sunday,104,22,17,23
9:45:00 PM,15,Sunday,88,8,11,29
10:00:00 PM,15,Sunday,20,3,0,16
10:15:00 PM,15,Sunday,17,2,1,30
10:30:00 PM,15,Sunday,17,4,0,23
10:45:00 PM,15,Sunday,15,5,0,21
11:00:00 PM,15,Sunday,10,0,1,31
11:15:00 PM,15,Sunday,11,1,1,19
11:30:00 PM,15,Sunday,12,2,0,29
11:45:00 PM,15,Sunday,11,0,1,11
12:00:00 AM,16,Monday,18,4,1,28
12:15:00 AM,16,Monday,13,3,0,26
12:30:00 AM,16,Monday,16,3,0,34
12:45:00 AM,16,Monday,16,4,0,35
1:00:00 AM,16,Monday,20,2,1,33
1:15:00 AM,16,Monday,14,4,1,28
1:30:00 AM,16,Monday,11,4,1,19
1:45:00 AM,16,Monday,19,4,0,17
2:00:00 AM,16,Monday,18,3,1,26
2:15:00 AM,16,Monday,10,1,1,21
2:30:00 AM,16,Monday,20,5,1,40
2:45:00 AM,16,Monday,11,5,0,37
3:00:00 AM,16,Monday,15,4,1,29
3:15:00 AM,16,Monday,16,2,1,27
3:30:00 AM,16,Monday,10,3,1,23
3:45:00 AM,16,Monday,16,5,1,31
4:00:00 AM,16,Monday,20,0,1,30
4:15:00 AM,16,Monday,61,4,5,17
4:30:00 AM,16,Monday,91,8,6,2
4:45:00 AM,16,Monday,94,4,5,2
5:00:00 AM,16,Monday,117,8,6,16
5:15:00 AM,16,Monday,111,14,10,14
5:30:00 AM,16,Monday,91,2,3,5
5:45:00 AM,16,Monday,96,9,1,16
6:00:00 AM,16,Monday,134,15,42,5
6:15:00 AM,16,Monday,121,35,39,4
6:30:00 AM,16,Monday,118,40,40,3
6:45:00 AM,16,Monday,115,17,40,1
7:00:00 AM,16,Monday,106,22,37,0
7:15:00 AM,16,Monday,147,26,40,0
7:30:00 AM,16,Monday,102,13,31,2
7:45:00 AM,16,Monday,102,12,24,3
8:00:00 AM,16,Monday,130,40,31,2
8:15:00 AM,16,Monday,102,17,33,0
8:30:00 AM,16,Monday,105,13,48,5
8:45:00 AM,16,Monday,129,24,25,0
9:00:00 AM,16,Monday,117,11,45,0
9:15:00 AM,16,Monday,74,14,23,21
9:30:00 AM,16,Monday,80,14,35,18
9:45:00 AM,16,Monday,31,7,34,24
10:00:00 AM,16,Monday,18,15,9,15
10:15:00 AM,16,Monday,15,10,23,20
10:30:00 AM,16,Monday,37,18,8,16
10:45:00 AM,16,Monday,10,7,5,14
11:00:00 AM,16,Monday,54,6,15,23
11:15:00 AM,16,Monday,34,7,5,24
11:30:00 AM,16,Monday,50,7,8,21
11:45:00 AM,16,Monday,44,9,10,24
12:00:00 PM,16,Monday,63,8,15,24
12:15:00 PM,16,Monday,56,6,6,29
12:30:00 PM,16,Monday,69,5,13,27
12:45:00 PM,16,Monday,39,5,3,30
1:00:00 PM,16,Monday,61,10,14,24
1:15:00 PM,16,Monday,61,30,5,20
1:30:00 PM,16,Monday,20,17,9,5
1:45:00 PM,16,Monday,70,22,38,7
2:00:00 PM,16,Monday,25,30,31,9
2:15:00 PM,16,Monday,23,13,12,6
2:30:00 PM,16,Monday,105,30,24,8
2:45:00 PM,16,Monday,107,10,6,6
3:00:00 PM,16,Monday,40,20,36,7
3:15:00 PM,16,Monday,74,18,37,11
3:30:00 PM,16,Monday,62,15,8,11
3:45:00 PM,16,Monday,81,20,14,12
4:00:00 PM,16,Monday,111,32,43,5
4:15:00 PM,16,Monday,145,12,41,6
4:30:00 PM,16,Monday,139,11,20,7
4:45:00 PM,16,Monday,129,40,31,10
5:00:00 PM,16,Monday,128,22,28,8
5:15:00 PM,16,Monday,103,17,23,8
5:30:00 PM,16,Monday,127,32,29,7
5:45:00 PM,16,Monday,120,35,44,8
6:00:00 PM,16,Monday,106,11,41,7
6:15:00 PM,16,Monday,114,40,31,5
6:30:00 PM,16,Monday,101,13,20,7
6:45:00 PM,16,Monday,110,25,19,34
7:00:00 PM,16,Monday,108,6,17,23
7:15:00 PM,16,Monday,104,12,10,10
7:30:00 PM,16,Monday,102,22,17,23
7:45:00 PM,16,Monday,77,19,16,8
8:00:00 PM,16,Monday,70,16,19,33
8:15:00 PM,16,Monday,75,9,13,28
8:30:00 PM,16,Monday,95,9,16,29
8:45:00 PM,16,Monday,77,17,17,22
9:00:00 PM,16,Monday,73,16,14,34
9:15:00 PM,16,Monday,59,7,18,12
9:30:00 PM,16,Monday,54,20,10,9
9:45:00 PM,16,Monday,90,6,18,32
10:00:00 PM,16,Monday,15,5,1,32
10:15:00 PM,16,Monday,12,1,0,11
10:30:00 PM,16,Monday,17,2,0,28
10:45:00 PM,16,Monday,13,5,1,12
11:00:00 PM,16,Monday,15,5,0,21
11:15:00 PM,16,Monday,18,4,0,11
11:30:00 PM,16,Monday,12,4,0,21
11:45:00 PM,16,Monday,10,4,1,12
12:00:00 AM,17,Tuesday,15,2,0,25
12:15:00 AM,17,Tuesday,11,0,0,24
12:30:00 AM,17,Tuesday,15,2,1,15
12:45:00 AM,17,Tuesday,20,3,1,29
1:00:00 AM,17,Tuesday,17,2,0,24
1:15:00 AM,17,Tuesday,19,5,1,26
1:30:00 AM,17,Tuesday,20,3,1,32
1:45:00 AM,17,Tuesday,15,3,0,19
2:00:00 AM,17,Tuesday,13,5,0,17
2:15:00 AM,17,Tuesday,12,5,1,19
2:30:00 AM,17,Tuesday,10,2,0,27
2:45:00 AM,17,Tuesday,20,4,1,23
3:00:00 AM,17,Tuesday,14,0,0,16
3:15:00 AM,17,Tuesday,12,4,1,28
3:30:00 AM,17,Tuesday,19,2,0,20
3:45:00 AM,17,Tuesday,20,2,1,19
4:00:00 AM,17,Tuesday,16,0,0,36
4:15:00 AM,17,Tuesday,62,20,4,18
4:30:00 AM,17,Tuesday,50,13,2,14
4:45:00 AM,17,Tuesday,101,3,6,6
5:00:00 AM,17,Tuesday,94,15,2,9
5:15:00 AM,17,Tuesday,68,10,8,1
5:30:00 AM,17,Tuesday,95,3,8,20
5:45:00 AM,17,Tuesday,113,7,10,16
6:00:00 AM,17,Tuesday,106,13,39,1
6:15:00 AM,17,Tuesday,105,32,47,4
6:30:00 AM,17,Tuesday,150,19,34,4
6:45:00 AM,17,Tuesday,137,38,39,2
7:00:00 AM,17,Tuesday,113,11,32,1
7:15:00 AM,17,Tuesday,117,30,26,5
7:30:00 AM,17,Tuesday,130,10,37,1
7:45:00 AM,17,Tuesday,150,32,31,1
8:00:00 AM,17,Tuesday,146,10,30,3
8:15:00 AM,17,Tuesday,123,24,46,2
8:30:00 AM,17,Tuesday,110,24,26,4
8:45:00 AM,17,Tuesday,111,33,31,2
9:00:00 AM,17,Tuesday,132,18,32,2
9:15:00 AM,17,Tuesday,66,16,22,13
9:30:00 AM,17,Tuesday,45,24,5,23
9:45:00 AM,17,Tuesday,92,19,15,7
10:00:00 AM,17,Tuesday,78,22,16,25
10:15:00 AM,17,Tuesday,90,2,15,18
10:30:00 AM,17,Tuesday,23,2,37,9
10:45:00 AM,17,Tuesday,17,5,6,20
11:00:00 AM,17,Tuesday,41,5,4,24
11:15:00 AM,17,Tuesday,32,5,15,26
11:30:00 AM,17,Tuesday,65,7,7,22
11:45:00 AM,17,Tuesday,22,6,3,25
12:00:00 PM,17,Tuesday,54,7,4,28
12:15:00 PM,17,Tuesday,38,5,8,28
12:30:00 PM,17,Tuesday,59,7,15,23
12:45:00 PM,17,Tuesday,34,8,10,23
1:00:00 PM,17,Tuesday,28,6,3,27
1:15:00 PM,17,Tuesday,7,16,11,14
1:30:00 PM,17,Tuesday,8,12,22,8
1:45:00 PM,17,Tuesday,42,25,38,18
2:00:00 PM,17,Tuesday,82,13,28,5
2:15:00 PM,17,Tuesday,14,24,26,9
2:30:00 PM,17,Tuesday,39,25,33,9
2:45:00 PM,17,Tuesday,47,14,29,6
3:00:00 PM,17,Tuesday,120,20,21,18
3:15:00 PM,17,Tuesday,114,11,39,10
3:30:00 PM,17,Tuesday,99,24,30,10
3:45:00 PM,17,Tuesday,78,18,30,8
4:00:00 PM,17,Tuesday,144,40,29,10
4:15:00 PM,17,Tuesday,107,28,38,9
4:30:00 PM,17,Tuesday,123,28,24,10
4:45:00 PM,17,Tuesday,126,15,28,6
5:00:00 PM,17,Tuesday,147,28,23,5
5:15:00 PM,17,Tuesday,100,21,33,7
5:30:00 PM,17,Tuesday,113,12,22,6
5:45:00 PM,17,Tuesday,130,34,30,6
6:00:00 PM,17,Tuesday,118,40,29,10
6:15:00 PM,17,Tuesday,113,38,44,9
6:30:00 PM,17,Tuesday,117,29,29,9
6:45:00 PM,17,Tuesday,106,12,20,32
7:00:00 PM,17,Tuesday,96,11,15,14
7:15:00 PM,17,Tuesday,58,11,14,24
7:30:00 PM,17,Tuesday,76,22,10,9
7:45:00 PM,17,Tuesday,66,6,12,33
8:00:00 PM,17,Tuesday,61,23,13,18
8:15:00 PM,17,Tuesday,93,6,15,17
8:30:00 PM,17,Tuesday,51,11,16,26
8:45:00 PM,17,Tuesday,86,6,12,9
9:00:00 PM,17,Tuesday,77,15,12,29
9:15:00 PM,17,Tuesday,84,15,16,8
9:30:00 PM,17,Tuesday,103,12,15,10
9:45:00 PM,17,Tuesday,60,9,11,27
10:00:00 PM,17,Tuesday,14,1,1,22
10:15:00 PM,17,Tuesday,14,2,0,35
10:30:00 PM,17,Tuesday,13,1,1,31
10:45:00 PM,17,Tuesday,19,0,1,22
11:00:00 PM,17,Tuesday,13,4,0,28
11:15:00 PM,17,Tuesday,13,1,0,26
11:30:00 PM,17,Tuesday,12,0,1,34
11:45:00 PM,17,Tuesday,20,1,1,38
12:00:00 AM,18,Wednesday,12,3,0,38
12:15:00 AM,18,Wednesday,12,1,0,40
12:30:00 AM,18,Wednesday,20,5,0,10
12:45:00 AM,18,Wednesday,12,4,1,27
1:00:00 AM,18,Wednesday,15,5,0,21
1:15:00 AM,18,Wednesday,19,2,0,30
1:30:00 AM,18,Wednesday,11,0,1,40
1:45:00 AM,18,Wednesday,15,3,0,35
2:00:00 AM,18,Wednesday,15,0,1,37
2:15:00 AM,18,Wednesday,16,2,0,37
2:30:00 AM,18,Wednesday,10,0,1,24
2:45:00 AM,18,Wednesday,12,0,1,31
3:00:00 AM,18,Wednesday,15,1,1,36
3:15:00 AM,18,Wednesday,14,5,0,17
3:30:00 AM,18,Wednesday,17,3,1,38
3:45:00 AM,18,Wednesday,19,0,0,18
4:00:00 AM,18,Wednesday,18,5,1,30
4:15:00 AM,18,Wednesday,119,12,6,4
4:30:00 AM,18,Wednesday,74,28,1,13
4:45:00 AM,18,Wednesday,101,26,10,0
5:00:00 AM,18,Wednesday,99,4,7,19
5:15:00 AM,18,Wednesday,99,18,7,5
5:30:00 AM,18,Wednesday,102,24,2,8
5:45:00 AM,18,Wednesday,50,4,6,13
6:00:00 AM,18,Wednesday,128,11,46,4
6:15:00 AM,18,Wednesday,129,39,43,0
6:30:00 AM,18,Wednesday,129,27,38,0
6:45:00 AM,18,Wednesday,113,24,22,2
7:00:00 AM,18,Wednesday,141,15,21,5
7:15:00 AM,18,Wednesday,120,22,29,1
7:30:00 AM,18,Wednesday,141,24,47,4
7:45:00 AM,18,Wednesday,149,24,33,1
8:00:00 AM,18,Wednesday,140,40,36,1
8:15:00 AM,18,Wednesday,140,20,36,0
8:30:00 AM,18,Wednesday,107,13,31,4
8:45:00 AM,18,Wednesday,141,15,32,4
9:00:00 AM,18,Wednesday,120,27,38,4
9:15:00 AM,18,Wednesday,70,14,21,5
9:30:00 AM,18,Wednesday,55,24,16,21
9:45:00 AM,18,Wednesday,52,18,22,16
10:00:00 AM,18,Wednesday,65,4,19,21
10:15:00 AM,18,Wednesday,54,10,30,28
10:30:00 AM,18,Wednesday,37,3,32,18
10:45:00 AM,18,Wednesday,23,3,37,18
11:00:00 AM,18,Wednesday,43,7,7,29
11:15:00 AM,18,Wednesday,22,6,13,24
11:30:00 AM,18,Wednesday,21,10,6,30
11:45:00 AM,18,Wednesday,48,8,11,22
12:00:00 PM,18,Wednesday,35,5,12,20
12:15:00 PM,18,Wednesday,69,5,13,22
12:30:00 PM,18,Wednesday,22,9,10,21
12:45:00 PM,18,Wednesday,46,5,9,23
1:00:00 PM,18,Wednesday,49,5,11,21
1:15:00 PM,18,Wednesday,29,18,29,20
1:30:00 PM,18,Wednesday,96,23,31,14
1:45:00 PM,18,Wednesday,100,27,23,16
2:00:00 PM,18,Wednesday,96,22,36,5
2:15:00 PM,18,Wednesday,27,26,25,15
2:30:00 PM,18,Wednesday,114,21,32,5
2:45:00 PM,18,Wednesday,74,27,34,10
3:00:00 PM,18,Wednesday,14,16,9,14
3:15:00 PM,18,Wednesday,84,30,26,10
3:30:00 PM,18,Wednesday,96,19,14,18
3:45:00 PM,18,Wednesday,40,15,28,5
4:00:00 PM,18,Wednesday,110,15,46,5
4:15:00 PM,18,Wednesday,138,39,31,7
4:30:00 PM,18,Wednesday,118,32,32,10
4:45:00 PM,18,Wednesday,142,34,38,9
5:00:00 PM,18,Wednesday,113,13,36,5
5:15:00 PM,18,Wednesday,104,29,32,7
5:30:00 PM,18,Wednesday,134,39,21,9
5:45:00 PM,18,Wednesday,107,15,48,5
6:00:00 PM,18,Wednesday,139,25,43,7
6:15:00 PM,18,Wednesday,128,20,20,6
6:30:00 PM,18,Wednesday,101,13,47,10
6:45:00 PM,18,Wednesday,105,17,13,23
7:00:00 PM,18,Wednesday,103,14,13,9
7:15:00 PM,18,Wednesday,51,23,15,13
7:30:00 PM,18,Wednesday,84,10,16,20
7:45:00 PM,18,Wednesday,97,25,19,24
8:00:00 PM,18,Wednesday,98,8,10,19
8:15:00 PM,18,Wednesday,94,13,19,25
8:30:00 PM,18,Wednesday,105,25,11,35
8:45:00 PM,18,Wednesday,74,9,13,6
9:00:00 PM,18,Wednesday,57,18,13,28
9:15:00 PM,18,Wednesday,57,14,11,33
9:30:00 PM,18,Wednesday,84,23,19,15
9:45:00 PM,18,Wednesday,105,14,16,33
10:00:00 PM,18,Wednesday,10,4,1,38
10:15:00 PM,18,Wednesday,15,1,1,29
10:30:00 PM,18,Wednesday,14,1,1,25
10:45:00 PM,18,Wednesday,20,2,0,37
11:00:00 PM,18,Wednesday,20,1,0,27
11:15:00 PM,18,Wednesday,13,1,1,18
11:30:00 PM,18,Wednesday,19,0,0,35
11:45:00 PM,18,Wednesday,14,1,1,27
12:00:00 AM,19,Thursday,13,5,0,12
12:15:00 AM,19,Thursday,18,5,0,12
12:30:00 AM,19,Thursday,10,3,1,32
12:45:00 AM,19,Thursday,14,2,0,15
1:00:00 AM,19,Thursday,16,3,0,15
1:15:00 AM,19,Thursday,14,2,0,25
1:30:00 AM,19,Thursday,17,5,0,18
1:45:00 AM,19,Thursday,13,1,0,28
2:00:00 AM,19,Thursday,19,0,1,20
2:15:00 AM,19,Thursday,15,4,0,40
2:30:00 AM,19,Thursday,14,3,1,26
2:45:00 AM,19,Thursday,15,4,0,14
3:00:00 AM,19,Thursday,12,3,1,13
3:15:00 AM,19,Thursday,12,4,0,31
3:30:00 AM,19,Thursday,17,4,1,20
3:45:00 AM,19,Thursday,12,0,1,13
4:00:00 AM,19,Thursday,18,2,0,16
4:15:00 AM,19,Thursday,115,16,10,13
4:30:00 AM,19,Thursday,117,5,10,15
4:45:00 AM,19,Thursday,92,26,8,7
5:00:00 AM,19,Thursday,88,3,6,4
5:15:00 AM,19,Thursday,109,11,4,3
5:30:00 AM,19,Thursday,81,4,0,20
5:45:00 AM,19,Thursday,118,2,5,19
6:00:00 AM,19,Thursday,107,26,31,2
6:15:00 AM,19,Thursday,103,11,35,5
6:30:00 AM,19,Thursday,145,13,33,3
6:45:00 AM,19,Thursday,143,22,37,4
7:00:00 AM,19,Thursday,113,38,50,3
7:15:00 AM,19,Thursday,149,10,47,3
7:30:00 AM,19,Thursday,132,33,35,2
7:45:00 AM,19,Thursday,119,40,41,2
8:00:00 AM,19,Thursday,133,31,27,2
8:15:00 AM,19,Thursday,140,20,44,4
8:30:00 AM,19,Thursday,140,34,31,1
8:45:00 AM,19,Thursday,128,37,50,2
9:00:00 AM,19,Thursday,132,11,24,3
9:15:00 AM,19,Thursday,23,8,40,27
9:30:00 AM,19,Thursday,75,2,18,29
9:45:00 AM,19,Thursday,99,14,33,14
10:00:00 AM,19,Thursday,10,1,13,7
10:15:00 AM,19,Thursday,74,21,29,26
10:30:00 AM,19,Thursday,29,15,25,5
10:45:00 AM,19,Thursday,50,17,38,24
11:00:00 AM,19,Thursday,64,9,14,20
11:15:00 AM,19,Thursday,49,5,10,21
11:30:00 AM,19,Thursday,39,7,10,30
11:45:00 AM,19,Thursday,68,5,5,24
12:00:00 PM,19,Thursday,67,7,8,22
12:15:00 PM,19,Thursday,47,8,3,25
12:30:00 PM,19,Thursday,66,9,7,24
12:45:00 PM,19,Thursday,46,8,3,22
1:00:00 PM,19,Thursday,54,6,12,21
1:15:00 PM,19,Thursday,18,16,32,18
1:30:00 PM,19,Thursday,24,20,7,9
1:45:00 PM,19,Thursday,113,17,16,20
2:00:00 PM,19,Thursday,52,13,15,10
2:15:00 PM,19,Thursday,58,26,25,18
2:30:00 PM,19,Thursday,44,19,22,6
2:45:00 PM,19,Thursday,8,26,34,9
3:00:00 PM,19,Thursday,31,10,27,8
3:15:00 PM,19,Thursday,115,24,16,5
3:30:00 PM,19,Thursday,56,29,16,16
3:45:00 PM,19,Thursday,7,12,33,12
4:00:00 PM,19,Thursday,133,10,46,10
4:15:00 PM,19,Thursday,104,31,37,6
4:30:00 PM,19,Thursday,100,38,36,9
4:45:00 PM,19,Thursday,127,25,37,5
5:00:00 PM,19,Thursday,118,32,48,6
5:15:00 PM,19,Thursday,147,19,31,8
5:30:00 PM,19,Thursday,123,36,34,5
5:45:00 PM,19,Thursday,111,24,25,5
6:00:00 PM,19,Thursday,121,16,42,8
6:15:00 PM,19,Thursday,119,38,47,7
6:30:00 PM,19,Thursday,132,30,41,6
6:45:00 PM,19,Thursday,52,6,12,18
7:00:00 PM,19,Thursday,97,21,10,8
7:15:00 PM,19,Thursday,50,16,20,31
7:30:00 PM,19,Thursday,94,25,19,8
7:45:00 PM,19,Thursday,66,11,18,34
8:00:00 PM,19,Thursday,105,16,15,6
8:15:00 PM,19,Thursday,56,23,10,18
8:30:00 PM,19,Thursday,105,19,10,25
8:45:00 PM,19,Thursday,60,18,11,16
9:00:00 PM,19,Thursday,88,10,14,11
9:15:00 PM,19,Thursday,110,6,14,23
9:30:00 PM,19,Thursday,78,20,11,35
9:45:00 PM,19,Thursday,105,14,10,7
10:00:00 PM,19,Thursday,18,1,0,10
10:15:00 PM,19,Thursday,18,1,0,27
10:30:00 PM,19,Thursday,12,4,1,18
10:45:00 PM,19,Thursday,15,4,1,32
11:00:00 PM,19,Thursday,13,4,0,32
11:15:00 PM,19,Thursday,14,4,0,15
11:30:00 PM,19,Thursday,15,4,0,17
11:45:00 PM,19,Thursday,14,0,1,21
12:00:00 AM,20,Friday,17,5,0,37
12:15:00 AM,20,Friday,14,4,1,12
12:30:00 AM,20,Friday,16,2,0,15
12:45:00 AM,20,Friday,13,4,1,14
1:00:00 AM,20,Friday,12,4,0,29
1:15:00 AM,20,Friday,19,4,1,30
1:30:00 AM,20,Friday,18,4,0,18
1:45:00 AM,20,Friday,18,1,1,12
2:00:00 AM,20,Friday,20,4,1,21
2:15:00 AM,20,Friday,10,2,1,20
2:30:00 AM,20,Friday,18,5,1,23
2:45:00 AM,20,Friday,16,5,1,30
3:00:00 AM,20,Friday,12,3,0,40
3:15:00 AM,20,Friday,12,2,0,40
3:30:00 AM,20,Friday,16,0,1,37
3:45:00 AM,20,Friday,15,4,1,16
4:00:00 AM,20,Friday,13,0,0,38
4:15:00 AM,20,Friday,61,5,3,14
4:30:00 AM,20,Friday,27,15,6,10
4:45:00 AM,20,Friday,74,11,5,15
5:00:00 AM,20,Friday,70,6,7,14
5:15:00 AM,20,Friday,33,6,0,11
5:30:00 AM,20,Friday,29,12,1,13
5:45:00 AM,20,Friday,69,5,7,10
6:00:00 AM,20,Friday,41,16,7,15
6:15:00 AM,20,Friday,35,11,5,11
6:30:00 AM,20,Friday,25,9,6,14
6:45:00 AM,20,Friday,65,15,1,11
7:00:00 AM,20,Friday,66,6,3,14
7:15:00 AM,20,Friday,27,6,5,15
7:30:00 AM,20,Friday,75,6,1,10
7:45:00 AM,20,Friday,54,11,4,12
8:00:00 AM,20,Friday,54,18,3,12
8:15:00 AM,20,Friday,69,8,0,14
8:30:00 AM,20,Friday,52,19,6,10
8:45:00 AM,20,Friday,66,8,0,12
9:00:00 AM,20,Friday,54,11,0,13
9:15:00 AM,20,Friday,151,48,15,3
9:30:00 AM,20,Friday,170,62,18,2
9:45:00 AM,20,Friday,134,59,11,3
10:00:00 AM,20,Friday,166,63,22,1
10:15:00 AM,20,Friday,173,64,10,2
10:30:00 AM,20,Friday,176,45,22,2
10:45:00 AM,20,Friday,162,59,27,1
11:00:00 AM,20,Friday,171,46,15,3
11:15:00 AM,20,Friday,158,44,26,2
11:30:00 AM,20,Friday,151,64,16,0
11:45:00 AM,20,Friday,162,65,14,3
12:00:00 PM,20,Friday,179,44,23,1
12:15:00 PM,20,Friday,175,59,11,3
12:30:00 PM,20,Friday,173,63,13,2
12:45:00 PM,20,Friday,144,66,11,3
1:00:00 PM,20,Friday,132,68,22,4
1:15:00 PM,20,Friday,161,50,10,0
1:30:00 PM,20,Friday,151,56,29,1
1:45:00 PM,20,Friday,168,59,24,1
2:00:00 PM,20,Friday,144,65,20,3
2:15:00 PM,20,Friday,179,63,12,2
2:30:00 PM,20,Friday,161,56,12,4
2:45:00 PM,20,Friday,134,67,12,1
3:00:00 PM,20,Friday,140,70,23,4
3:15:00 PM,20,Friday,66,29,24,1
3:30:00 PM,20,Friday,60,27,17,2
3:45:00 PM,20,Friday,89,27,10,2
4:00:00 PM,20,Friday,81,29,5,0
4:15:00 PM,20,Friday,78,22,12,1
4:30:00 PM,20,Friday,71,24,18,2
4:45:00 PM,20,Friday,50,26,9,1
5:00:00 PM,20,Friday,55,28,5,0
5:15:00 PM,20,Friday,61,20,25,1
5:30:00 PM,20,Friday,76,22,14,2
5:45:00 PM,20,Friday,50,20,23,1
6:00:00 PM,20,Friday,89,26,0,2
6:15:00 PM,20,Friday,62,20,17,0
6:30:00 PM,20,Friday,83,20,23,2
6:45:00 PM,20,Friday,65,20,2,0
7:00:00 PM,20,Friday,60,21,2,1
7:15:00 PM,20,Friday,36,8,3,9
7:30:00 PM,20,Friday,39,5,4,11
7:45:00 PM,20,Friday,26,8,3,0
8:00:00 PM,20,Friday,23,4,0,5
8:15:00 PM,20,Friday,50,2,0,4
8:30:00 PM,20,Friday,30,2,3,1
8:45:00 PM,20,Friday,48,10,4,2
9:00:00 PM,20,Friday,39,6,6,1
9:15:00 PM,20,Friday,47,10,3,9
9:30:00 PM,20,Friday,26,3,5,3
9:45:00 PM,20,Friday,25,6,3,9
10:00:00 PM,20,Friday,19,1,0,11
10:15:00 PM,20,Friday,16,5,0,26
10:30:00 PM,20,Friday,15,2,1,39
10:45:00 PM,20,Friday,14,5,0,11
11:00:00 PM,20,Friday,12,2,0,20
11:15:00 PM,20,Friday,11,2,0,35
11:30:00 PM,20,Friday,18,5,1,11
11:45:00 PM,20,Friday,17,2,0,20
12:00:00 AM,21,Sunday,19,5,1,30
12:15:00 AM,21,Sunday,17,4,1,24
12:30:00 AM,21,Sunday,16,3,0,14
12:45:00 AM,21,Sunday,16,3,1,23
1:00:00 AM,21,Sunday,20,0,1,17
1:15:00 AM,21,Sunday,20,0,0,37
1:30:00 AM,21,Sunday,18,0,1,30
1:45:00 AM,21,Sunday,19,1,0,14
2:00:00 AM,21,Sunday,18,5,0,29
2:15:00 AM,21,Sunday,11,1,0,22
2:30:00 AM,21,Sunday,20,3,0,24
2:45:00 AM,21,Sunday,12,2,1,10
3:00:00 AM,21,Sunday,19,5,1,31
3:15:00 AM,21,Sunday,10,0,0,32
3:30:00 AM,21,Sunday,14,1,1,12
3:45:00 AM,21,Sunday,14,2,1,24
4:00:00 AM,21,Sunday,10,3,0,32
4:15:00 AM,21,Sunday,97,23,6,17
4:30:00 AM,21,Sunday,104,22,7,11
4:45:00 AM,21,Sunday,100,15,8,20
5:00:00 AM,21,Sunday,87,7,7,4
5:15:00 AM,21,Sunday,77,27,8,10
5:30:00 AM,21,Sunday,51,7,4,5
5:45:00 AM,21,Sunday,79,1,10,6
6:00:00 AM,21,Sunday,100,40,29,5
6:15:00 AM,21,Sunday,112,13,39,0
6:30:00 AM,21,Sunday,120,16,34,2
6:45:00 AM,21,Sunday,123,14,26,3
7:00:00 AM,21,Sunday,142,27,27,4
7:15:00 AM,21,Sunday,139,38,49,2
7:30:00 AM,21,Sunday,134,24,21,2
7:45:00 AM,21,Sunday,102,13,31,0
8:00:00 AM,21,Sunday,102,16,43,4
8:15:00 AM,21,Sunday,106,16,32,1
8:30:00 AM,21,Sunday,117,19,42,3
8:45:00 AM,21,Sunday,139,36,40,3
9:00:00 AM,21,Sunday,121,13,25,2
9:15:00 AM,21,Sunday,65,19,16,11
9:30:00 AM,21,Sunday,12,25,39,28
9:45:00 AM,21,Sunday,98,21,10,5
10:00:00 AM,21,Sunday,58,9,25,13
10:15:00 AM,21,Sunday,81,10,39,29
10:30:00 AM,21,Sunday,67,20,33,29
10:45:00 AM,21,Sunday,68,22,25,16
11:00:00 AM,21,Sunday,47,10,6,22
11:15:00 AM,21,Sunday,45,7,10,27
11:30:00 AM,21,Sunday,54,5,11,24
11:45:00 AM,21,Sunday,61,7,15,28
12:00:00 PM,21,Sunday,56,5,4,29
12:15:00 PM,21,Sunday,23,5,4,27
12:30:00 PM,21,Sunday,31,6,8,23
12:45:00 PM,21,Sunday,27,7,14,28
1:00:00 PM,21,Sunday,30,7,3,30
1:15:00 PM,21,Sunday,114,21,5,14
1:30:00 PM,21,Sunday,46,24,35,16
1:45:00 PM,21,Sunday,68,29,29,20
2:00:00 PM,21,Sunday,45,16,15,5
2:15:00 PM,21,Sunday,86,13,11,20
2:30:00 PM,21,Sunday,44,11,19,15
2:45:00 PM,21,Sunday,45,17,13,20
3:00:00 PM,21,Sunday,106,17,7,12
3:15:00 PM,21,Sunday,44,16,9,13
3:30:00 PM,21,Sunday,77,23,13,9
3:45:00 PM,21,Sunday,53,17,26,8
4:00:00 PM,21,Sunday,138,18,20,8
4:15:00 PM,21,Sunday,142,24,39,9
4:30:00 PM,21,Sunday,114,25,21,7
4:45:00 PM,21,Sunday,116,35,42,6
5:00:00 PM,21,Sunday,149,22,37,8
5:15:00 PM,21,Sunday,100,12,39,7
5:30:00 PM,21,Sunday,101,23,45,5
5:45:00 PM,21,Sunday,122,40,48,10
6:00:00 PM,21,Sunday,112,34,39,9
6:15:00 PM,21,Sunday,112,12,41,5
6:30:00 PM,21,Sunday,116,22,23,7
6:45:00 PM,21,Sunday,90,13,15,33
7:00:00 PM,21,Sunday,85,14,14,13
7:15:00 PM,21,Sunday,59,25,13,27
7:30:00 PM,21,Sunday,108,5,15,22
7:45:00 PM,21,Sunday,75,8,16,25
8:00:00 PM,21,Sunday,96,15,12,27
8:15:00 PM,21,Sunday,61,17,10,8
8:30:00 PM,21,Sunday,84,25,20,30
8:45:00 PM,21,Sunday,55,9,12,19
9:00:00 PM,21,Sunday,65,16,12,32
9:15:00 PM,21,Sunday,87,16,10,16
9:30:00 PM,21,Sunday,75,5,12,21
9:45:00 PM,21,Sunday,82,16,14,34
10:00:00 PM,21,Sunday,11,3,0,34
10:15:00 PM,21,Sunday,15,5,0,14
10:30:00 PM,21,Sunday,18,5,1,13
10:45:00 PM,21,Sunday,19,2,1,34
11:00:00 PM,21,Sunday,20,4,1,26
11:15:00 PM,21,Sunday,14,4,0,10
11:30:00 PM,21,Sunday,11,1,1,36
11:45:00 PM,21,Sunday,10,2,1,15
12:00:00 AM,22,Saturday,10,3,0,33
12:15:00 AM,22,Saturday,14,3,0,23
12:30:00 AM,22,Saturday,11,5,1,11
12:45:00 AM,22,Saturday,10,1,1,34
1:00:00 AM,22,Saturday,20,4,1,17
1:15:00 AM,22,Saturday,17,5,0,24
1:30:00 AM,22,Saturday,12,2,1,18
1:45:00 AM,22,Saturday,15,0,1,16
2:00:00 AM,22,Saturday,19,5,0,15
2:15:00 AM,22,Saturday,11,3,1,39
2:30:00 AM,22,Saturday,14,5,0,10
2:45:00 AM,22,Saturday,20,0,1,33
3:00:00 AM,22,Saturday,13,1,1,33
3:15:00 AM,22,Saturday,18,2,1,12
3:30:00 AM,22,Saturday,19,2,1,23
3:45:00 AM,22,Saturday,10,4,0,36
4:00:00 AM,22,Saturday,13,4,0,17
4:15:00 AM,22,Saturday,86,28,2,18
4:30:00 AM,22,Saturday,59,29,9,14
4:45:00 AM,22,Saturday,102,20,9,13
5:00:00 AM,22,Saturday,114,28,8,16
5:15:00 AM,22,Saturday,87,23,5,0
5:30:00 AM,22,Saturday,88,5,8,13
5:45:00 AM,22,Saturday,83,6,4,9
6:00:00 AM,22,Saturday,150,19,24,3
6:15:00 AM,22,Saturday,148,35,46,1
6:30:00 AM,22,Saturday,146,23,23,4
6:45:00 AM,22,Saturday,140,21,39,3
7:00:00 AM,22,Saturday,149,36,35,1
7:15:00 AM,22,Saturday,125,34,42,0
7:30:00 AM,22,Saturday,147,34,20,5
7:45:00 AM,22,Saturday,128,33,21,4
8:00:00 AM,22,Saturday,111,38,50,5
8:15:00 AM,22,Saturday,144,20,32,4
8:30:00 AM,22,Saturday,121,14,23,1
8:45:00 AM,22,Saturday,136,36,40,4
9:00:00 AM,22,Saturday,114,21,23,1
9:15:00 AM,22,Saturday,75,17,37,29
9:30:00 AM,22,Saturday,34,5,27,22
9:45:00 AM,22,Saturday,45,6,7,15
10:00:00 AM,22,Saturday,65,10,6,27
10:15:00 AM,22,Saturday,67,25,20,18
10:30:00 AM,22,Saturday,50,25,25,28
10:45:00 AM,22,Saturday,37,19,38,12
11:00:00 AM,22,Saturday,36,8,3,29
11:15:00 AM,22,Saturday,63,5,8,23
11:30:00 AM,22,Saturday,67,5,7,22
11:45:00 AM,22,Saturday,36,9,14,22
12:00:00 PM,22,Saturday,57,8,10,22
12:15:00 PM,22,Saturday,65,7,14,25
12:30:00 PM,22,Saturday,54,10,3,29
12:45:00 PM,22,Saturday,41,5,4,25
1:00:00 PM,22,Saturday,43,9,3,25
1:15:00 PM,22,Saturday,9,27,32,17
1:30:00 PM,22,Saturday,101,28,18,20
1:45:00 PM,22,Saturday,99,16,16,18
2:00:00 PM,22,Saturday,20,27,32,12
2:15:00 PM,22,Saturday,96,16,39,17
2:30:00 PM,22,Saturday,62,28,18,20
2:45:00 PM,22,Saturday,58,27,17,5
3:00:00 PM,22,Saturday,60,18,28,12
3:15:00 PM,22,Saturday,81,26,13,17
3:30:00 PM,22,Saturday,118,15,27,13
3:45:00 PM,22,Saturday,53,12,25,20
4:00:00 PM,22,Saturday,132,12,27,9
4:15:00 PM,22,Saturday,149,14,50,5
4:30:00 PM,22,Saturday,106,35,41,5
4:45:00 PM,22,Saturday,150,29,27,7
5:00:00 PM,22,Saturday,110,30,46,5
5:15:00 PM,22,Saturday,129,35,34,5
5:30:00 PM,22,Saturday,133,21,26,5
5:45:00 PM,22,Saturday,148,34,45,7
6:00:00 PM,22,Saturday,144,39,43,8
6:15:00 PM,22,Saturday,126,27,44,8
6:30:00 PM,22,Saturday,103,34,49,5
6:45:00 PM,22,Saturday,96,7,13,30
7:00:00 PM,22,Saturday,54,17,17,19
7:15:00 PM,22,Saturday,98,16,17,15
7:30:00 PM,22,Saturday,72,6,19,8
7:45:00 PM,22,Saturday,69,23,12,31
8:00:00 PM,22,Saturday,85,13,16,24
8:15:00 PM,22,Saturday,102,22,12,9
8:30:00 PM,22,Saturday,103,14,20,14
8:45:00 PM,22,Saturday,80,12,10,22
9:00:00 PM,22,Saturday,63,18,11,5
9:15:00 PM,22,Saturday,84,21,13,9
9:30:00 PM,22,Saturday,72,10,10,29
9:45:00 PM,22,Saturday,79,22,17,13
10:00:00 PM,22,Saturday,12,5,0,27
10:15:00 PM,22,Saturday,19,1,1,38
10:30:00 PM,22,Saturday,14,3,0,33
10:45:00 PM,22,Saturday,16,3,1,37
11:00:00 PM,22,Saturday,14,5,0,37
11:15:00 PM,22,Saturday,11,2,1,20
11:30:00 PM,22,Saturday,20,3,0,25
11:45:00 PM,22,Saturday,20,0,1,30
12:00:00 AM,23,Monday,13,2,1,17
12:15:00 AM,23,Monday,20,1,1,19
12:30:00 AM,23,Monday,10,2,1,12
12:45:00 AM,23,Monday,14,2,0,25
1:00:00 AM,23,Monday,12,0,1,16
1:15:00 AM,23,Monday,11,5,1,31
1:30:00 AM,23,Monday,13,1,1,16
1:45:00 AM,23,Monday,17,3,0,10
2:00:00 AM,23,Monday,11,1,0,22
2:15:00 AM,23,Monday,10,4,1,16
2:30:00 AM,23,Monday,15,3,1,32
2:45:00 AM,23,Monday,10,0,0,22
3:00:00 AM,23,Monday,20,1,1,16
3:15:00 AM,23,Monday,16,1,1,15
3:30:00 AM,23,Monday,14,4,1,32
3:45:00 AM,23,Monday,16,1,1,37
4:00:00 AM,23,Monday,10,2,1,36
4:15:00 AM,23,Monday,96,18,7,2
4:30:00 AM,23,Monday,51,14,0,5
4:45:00 AM,23,Monday,63,25,2,8
5:00:00 AM,23,Monday,72,7,1,4
5:15:00 AM,23,Monday,86,18,6,1
5:30:00 AM,23,Monday,105,4,4,20
5:45:00 AM,23,Monday,117,10,10,18
6:00:00 AM,23,Monday,120,36,32,0
6:15:00 AM,23,Monday,135,20,31,0
6:30:00 AM,23,Monday,112,40,42,3
6:45:00 AM,23,Monday,135,13,20,3
7:00:00 AM,23,Monday,105,35,24,2
7:15:00 AM,23,Monday,150,25,36,0
7:30:00 AM,23,Monday,108,27,23,2
7:45:00 AM,23,Monday,108,40,45,1
8:00:00 AM,23,Monday,118,19,21,1
8:15:00 AM,23,Monday,131,18,41,1
8:30:00 AM,23,Monday,148,31,20,4
8:45:00 AM,23,Monday,120,26,22,1
9:00:00 AM,23,Monday,147,12,32,0
9:15:00 AM,23,Monday,73,9,35,12
9:30:00 AM,23,Monday,93,21,22,29
9:45:00 AM,23,Monday,66,2,10,28
10:00:00 AM,23,Monday,18,6,6,6
10:15:00 AM,23,Monday,78,1,16,30
10:30:00 AM,23,Monday,69,15,24,20
10:45:00 AM,23,Monday,82,2,40,17
11:00:00 AM,23,Monday,57,9,5,23
11:15:00 AM,23,Monday,25,5,14,26
11:30:00 AM,23,Monday,40,9,15,28
11:45:00 AM,23,Monday,52,6,13,21
12:00:00 PM,23,Monday,45,8,13,29
12:15:00 PM,23,Monday,67,10,7,25
12:30:00 PM,23,Monday,20,8,14,30
12:45:00 PM,23,Monday,44,8,4,29
1:00:00 PM,23,Monday,63,5,8,29
1:15:00 PM,23,Monday,119,15,20,13
1:30:00 PM,23,Monday,103,10,23,7
1:45:00 PM,23,Monday,42,14,15,14
2:00:00 PM,23,Monday,67,20,24,12
2:15:00 PM,23,Monday,56,18,29,17
2:30:00 PM,23,Monday,65,16,32,15
2:45:00 PM,23,Monday,107,11,26,19
3:00:00 PM,23,Monday,11,18,22,10
3:15:00 PM,23,Monday,28,15,27,12
3:30:00 PM,23,Monday,45,17,7,6
3:45:00 PM,23,Monday,66,12,27,6
4:00:00 PM,23,Monday,104,40,22,9
4:15:00 PM,23,Monday,113,21,26,5
4:30:00 PM,23,Monday,120,29,37,6
4:45:00 PM,23,Monday,129,10,39,6
5:00:00 PM,23,Monday,119,29,40,10
5:15:00 PM,23,Monday,119,25,32,9
5:30:00 PM,23,Monday,123,10,30,7
5:45:00 PM,23,Monday,111,33,28,5
6:00:00 PM,23,Monday,110,12,47,8
6:15:00 PM,23,Monday,139,15,43,9
6:30:00 PM,23,Monday,132,29,25,7
6:45:00 PM,23,Monday,51,8,18,18
7:00:00 PM,23,Monday,76,5,14,20
7:15:00 PM,23,Monday,53,15,13,23
7:30:00 PM,23,Monday,50,25,19,9
7:45:00 PM,23,Monday,86,24,20,34
8:00:00 PM,23,Monday,67,23,14,13
8:15:00 PM,23,Monday,54,9,15,7
8:30:00 PM,23,Monday,59,12,16,35
8:45:00 PM,23,Monday,109,25,15,5
9:00:00 PM,23,Monday,73,18,10,35
9:15:00 PM,23,Monday,65,24,14,19
9:30:00 PM,23,Monday,94,10,11,22
9:45:00 PM,23,Monday,106,9,12,31
10:00:00 PM,23,Monday,18,3,0,11
10:15:00 PM,23,Monday,17,1,1,36
10:30:00 PM,23,Monday,12,0,0,22
10:45:00 PM,23,Monday,11,1,0,19
11:00:00 PM,23,Monday,16,1,0,32
11:15:00 PM,23,Monday,12,3,1,13
11:30:00 PM,23,Monday,14,4,1,27
11:45:00 PM,23,Monday,11,3,1,37
12:00:00 AM,24,Tuesday,17,2,0,18
12:15:00 AM,24,Tuesday,18,4,1,39
12:30:00 AM,24,Tuesday,20,4,0,32
12:45:00 AM,24,Tuesday,15,0,0,28
1:00:00 AM,24,Tuesday,11,4,0,12
1:15:00 AM,24,Tuesday,19,5,1,35
1:30:00 AM,24,Tuesday,15,0,1,26
1:45:00 AM,24,Tuesday,11,4,0,31
2:00:00 AM,24,Tuesday,19,2,1,33
2:15:00 AM,24,Tuesday,12,4,1,29
2:30:00 AM,24,Tuesday,15,5,1,16
2:45:00 AM,24,Tuesday,14,4,1,21
3:00:00 AM,24,Tuesday,19,4,1,17
3:15:00 AM,24,Tuesday,10,2,1,12
3:30:00 AM,24,Tuesday,10,0,0,11
3:45:00 AM,24,Tuesday,20,4,1,33
4:00:00 AM,24,Tuesday,10,1,0,12
4:15:00 AM,24,Tuesday,73,12,5,5
4:30:00 AM,24,Tuesday,95,15,4,19
4:45:00 AM,24,Tuesday,81,19,3,13
5:00:00 AM,24,Tuesday,119,25,10,9
5:15:00 AM,24,Tuesday,80,10,4,15
5:30:00 AM,24,Tuesday,102,24,3,16
5:45:00 AM,24,Tuesday,68,17,6,10
6:00:00 AM,24,Tuesday,109,40,38,0
6:15:00 AM,24,Tuesday,124,25,31,1
6:30:00 AM,24,Tuesday,126,22,21,1
6:45:00 AM,24,Tuesday,120,31,29,5
7:00:00 AM,24,Tuesday,101,20,47,5
7:15:00 AM,24,Tuesday,139,40,48,2
7:30:00 AM,24,Tuesday,116,23,23,4
7:45:00 AM,24,Tuesday,101,14,24,0
8:00:00 AM,24,Tuesday,137,40,21,5
8:15:00 AM,24,Tuesday,131,26,36,0
8:30:00 AM,24,Tuesday,114,27,45,4
8:45:00 AM,24,Tuesday,102,14,46,1
9:00:00 AM,24,Tuesday,116,24,32,5
9:15:00 AM,24,Tuesday,29,10,21,12
9:30:00 AM,24,Tuesday,41,12,15,10
9:45:00 AM,24,Tuesday,41,9,7,27
10:00:00 AM,24,Tuesday,90,25,26,10
10:15:00 AM,24,Tuesday,64,25,17,20
10:30:00 AM,24,Tuesday,64,10,17,23
10:45:00 AM,24,Tuesday,69,17,5,28
11:00:00 AM,24,Tuesday,59,9,9,21
11:15:00 AM,24,Tuesday,44,10,12,29
11:30:00 AM,24,Tuesday,43,5,6,26
11:45:00 AM,24,Tuesday,65,7,10,21
12:00:00 PM,24,Tuesday,29,5,12,21
12:15:00 PM,24,Tuesday,24,9,8,20
12:30:00 PM,24,Tuesday,44,6,4,26
12:45:00 PM,24,Tuesday,35,10,12,24
1:00:00 PM,24,Tuesday,43,10,15,21
1:15:00 PM,24,Tuesday,45,17,24,11
1:30:00 PM,24,Tuesday,108,21,37,14
1:45:00 PM,24,Tuesday,53,19,33,9
2:00:00 PM,24,Tuesday,75,23,31,13
2:15:00 PM,24,Tuesday,70,18,5,19
2:30:00 PM,24,Tuesday,52,25,15,19
2:45:00 PM,24,Tuesday,9,18,24,9
3:00:00 PM,24,Tuesday,47,21,9,18
3:15:00 PM,24,Tuesday,116,20,17,19
3:30:00 PM,24,Tuesday,65,14,6,9
3:45:00 PM,24,Tuesday,93,12,13,13
4:00:00 PM,24,Tuesday,100,21,45,9
4:15:00 PM,24,Tuesday,121,24,31,6
4:30:00 PM,24,Tuesday,110,15,50,5
4:45:00 PM,24,Tuesday,103,17,28,5
5:00:00 PM,24,Tuesday,136,38,20,5
5:15:00 PM,24,Tuesday,119,22,32,9
5:30:00 PM,24,Tuesday,132,17,36,5
5:45:00 PM,24,Tuesday,147,10,41,5
6:00:00 PM,24,Tuesday,111,12,44,6
6:15:00 PM,24,Tuesday,102,27,32,5
6:30:00 PM,24,Tuesday,137,25,29,7
6:45:00 PM,24,Tuesday,71,17,15,31
7:00:00 PM,24,Tuesday,64,25,11,15
7:15:00 PM,24,Tuesday,70,16,15,29
7:30:00 PM,24,Tuesday,91,9,11,32
7:45:00 PM,24,Tuesday,95,6,11,35
8:00:00 PM,24,Tuesday,76,16,10,31
8:15:00 PM,24,Tuesday,87,17,18,7
8:30:00 PM,24,Tuesday,63,22,12,29
8:45:00 PM,24,Tuesday,56,17,20,8
9:00:00 PM,24,Tuesday,102,18,19,29
9:15:00 PM,24,Tuesday,60,23,10,13
9:30:00 PM,24,Tuesday,88,6,18,25
9:45:00 PM,24,Tuesday,104,15,10,32
10:00:00 PM,24,Tuesday,16,1,1,26
10:15:00 PM,24,Tuesday,12,1,0,12
10:30:00 PM,24,Tuesday,16,1,0,29
10:45:00 PM,24,Tuesday,13,5,0,31
11:00:00 PM,24,Tuesday,20,1,1,27
11:15:00 PM,24,Tuesday,18,0,0,29
11:30:00 PM,24,Tuesday,16,3,1,26
11:45:00 PM,24,Tuesday,18,0,0,21
12:00:00 AM,25,Wednesday,11,5,0,24
12:15:00 AM,25,Wednesday,13,1,0,10
12:30:00 AM,25,Wednesday,10,1,0,26
12:45:00 AM,25,Wednesday,19,5,1,22
1:00:00 AM,25,Wednesday,20,0,0,10
1:15:00 AM,25,Wednesday,16,4,1,39
1:30:00 AM,25,Wednesday,19,1,1,11
1:45:00 AM,25,Wednesday,20,4,0,38
2:00:00 AM,25,Wednesday,15,1,1,15
2:15:00 AM,25,Wednesday,10,0,0,33
2:30:00 AM,25,Wednesday,20,5,0,24
2:45:00 AM,25,Wednesday,12,2,1,35
3:00:00 AM,25,Wednesday,10,4,1,37
3:15:00 AM,25,Wednesday,15,4,0,38
3:30:00 AM,25,Wednesday,19,0,1,39
3:45:00 AM,25,Wednesday,16,4,0,35
4:00:00 AM,25,Wednesday,20,3,1,35
4:15:00 AM,25,Wednesday,118,1,0,4
4:30:00 AM,25,Wednesday,89,20,4,17
4:45:00 AM,25,Wednesday,120,18,6,13
5:00:00 AM,25,Wednesday,85,7,3,18
5:15:00 AM,25,Wednesday,99,8,2,14
5:30:00 AM,25,Wednesday,59,25,2,7
5:45:00 AM,25,Wednesday,58,25,2,5
6:00:00 AM,25,Wednesday,113,40,36,4
6:15:00 AM,25,Wednesday,113,16,50,2
6:30:00 AM,25,Wednesday,121,27,50,4
6:45:00 AM,25,Wednesday,150,17,28,0
7:00:00 AM,25,Wednesday,136,29,23,0
7:15:00 AM,25,Wednesday,142,32,27,2
7:30:00 AM,25,Wednesday,106,32,42,2
7:45:00 AM,25,Wednesday,103,21,20,0
8:00:00 AM,25,Wednesday,131,19,26,1
8:15:00 AM,25,Wednesday,133,23,21,3
8:30:00 AM,25,Wednesday,123,17,50,1
8:45:00 AM,25,Wednesday,124,21,35,2
9:00:00 AM,25,Wednesday,136,26,20,4
9:15:00 AM,25,Wednesday,92,10,39,19
9:30:00 AM,25,Wednesday,82,7,13,19
9:45:00 AM,25,Wednesday,42,2,28,27
10:00:00 AM,25,Wednesday,24,17,17,9
10:15:00 AM,25,Wednesday,42,19,17,12
10:30:00 AM,25,Wednesday,100,12,5,23
10:45:00 AM,25,Wednesday,11,25,30,22
11:00:00 AM,25,Wednesday,27,7,10,22
11:15:00 AM,25,Wednesday,38,7,11,20
11:30:00 AM,25,Wednesday,49,10,6,27
11:45:00 AM,25,Wednesday,66,9,7,28
12:00:00 PM,25,Wednesday,70,8,3,22
12:15:00 PM,25,Wednesday,58,7,6,27
12:30:00 PM,25,Wednesday,53,9,13,29
12:45:00 PM,25,Wednesday,22,5,6,26
1:00:00 PM,25,Wednesday,40,10,11,28
1:15:00 PM,25,Wednesday,58,13,10,12
1:30:00 PM,25,Wednesday,60,25,24,17
1:45:00 PM,25,Wednesday,25,11,24,17
2:00:00 PM,25,Wednesday,22,28,11,18
2:15:00 PM,25,Wednesday,6,11,37,15
2:30:00 PM,25,Wednesday,92,18,34,18
2:45:00 PM,25,Wednesday,97,17,38,20
3:00:00 PM,25,Wednesday,92,18,31,6
3:15:00 PM,25,Wednesday,74,12,17,16
3:30:00 PM,25,Wednesday,67,22,7,5
3:45:00 PM,25,Wednesday,84,20,25,15
4:00:00 PM,25,Wednesday,144,15,42,8
4:15:00 PM,25,Wednesday,120,11,47,7
4:30:00 PM,25,Wednesday,108,10,36,6
4:45:00 PM,25,Wednesday,141,13,50,6
5:00:00 PM,25,Wednesday,121,37,29,8
5:15:00 PM,25,Wednesday,142,40,22,6
5:30:00 PM,25,Wednesday,137,23,28,7
5:45:00 PM,25,Wednesday,117,10,27,8
6:00:00 PM,25,Wednesday,100,16,37,7
6:15:00 PM,25,Wednesday,148,11,42,8
6:30:00 PM,25,Wednesday,148,27,39,6
6:45:00 PM,25,Wednesday,65,18,20,21
7:00:00 PM,25,Wednesday,75,9,14,6
7:15:00 PM,25,Wednesday,85,15,20,29
7:30:00 PM,25,Wednesday,57,21,20,18
7:45:00 PM,25,Wednesday,50,7,13,30
8:00:00 PM,25,Wednesday,87,21,14,34
8:15:00 PM,25,Wednesday,64,24,11,6
8:30:00 PM,25,Wednesday,76,6,18,14
8:45:00 PM,25,Wednesday,69,11,12,8
9:00:00 PM,25,Wednesday,76,9,17,14
9:15:00 PM,25,Wednesday,94,8,15,5
9:30:00 PM,25,Wednesday,104,10,16,33
9:45:00 PM,25,Wednesday,98,13,13,33
10:00:00 PM,25,Wednesday,13,5,0,18
10:15:00 PM,25,Wednesday,17,1,0,11
10:30:00 PM,25,Wednesday,18,2,1,34
10:45:00 PM,25,Wednesday,11,1,0,35
11:00:00 PM,25,Wednesday,17,4,0,11
11:15:00 PM,25,Wednesday,17,1,1,23
11:30:00 PM,25,Wednesday,17,2,0,23
11:45:00 PM,25,Wednesday,16,4,1,30
12:00:00 AM,26,Thursday,15,5,1,23
12:15:00 AM,26,Thursday,18,0,0,31
12:30:00 AM,26,Thursday,10,1,0,17
12:45:00 AM,26,Thursday,13,2,0,32
1:00:00 AM,26,Thursday,16,1,0,38
1:15:00 AM,26,Thursday,11,4,0,32
1:30:00 AM,26,Thursday,12,2,0,26
1:45:00 AM,26,Thursday,14,2,1,14
2:00:00 AM,26,Thursday,18,2,0,37
2:15:00 AM,26,Thursday,17,1,1,22
2:30:00 AM,26,Thursday,12,3,0,29
2:45:00 AM,26,Thursday,20,5,0,30
3:00:00 AM,26,Thursday,17,5,1,19
3:15:00 AM,26,Thursday,12,0,1,33
3:30:00 AM,26,Thursday,19,1,0,20
3:45:00 AM,26,Thursday,11,4,1,38
4:00:00 AM,26,Thursday,14,5,0,39
4:15:00 AM,26,Thursday,102,20,4,12
4:30:00 AM,26,Thursday,92,4,6,18
4:45:00 AM,26,Thursday,54,14,10,16
5:00:00 AM,26,Thursday,55,15,1,10
5:15:00 AM,26,Thursday,64,27,5,5
5:30:00 AM,26,Thursday,52,13,5,15
5:45:00 AM,26,Thursday,73,11,4,3
6:00:00 AM,26,Thursday,106,27,45,5
6:15:00 AM,26,Thursday,145,21,40,5
6:30:00 AM,26,Thursday,133,19,28,5
6:45:00 AM,26,Thursday,117,31,49,0
7:00:00 AM,26,Thursday,146,17,34,0
7:15:00 AM,26,Thursday,101,35,42,3
7:30:00 AM,26,Thursday,103,28,32,1
7:45:00 AM,26,Thursday,150,10,26,0
8:00:00 AM,26,Thursday,135,23,48,0
8:15:00 AM,26,Thursday,104,10,48,2
8:30:00 AM,26,Thursday,144,39,50,1
8:45:00 AM,26,Thursday,132,10,49,0
9:00:00 AM,26,Thursday,142,19,31,1
9:15:00 AM,26,Thursday,45,4,30,29
9:30:00 AM,26,Thursday,27,24,10,5
9:45:00 AM,26,Thursday,85,3,14,16
10:00:00 AM,26,Thursday,84,11,27,26
10:15:00 AM,26,Thursday,90,4,10,20
10:30:00 AM,26,Thursday,13,19,39,12
10:45:00 AM,26,Thursday,11,1,37,9
11:00:00 AM,26,Thursday,57,10,4,27
11:15:00 AM,26,Thursday,52,10,9,23
11:30:00 AM,26,Thursday,38,7,13,21
11:45:00 AM,26,Thursday,35,7,15,24
12:00:00 PM,26,Thursday,60,10,12,21
12:15:00 PM,26,Thursday,70,10,3,30
12:30:00 PM,26,Thursday,34,8,6,30
12:45:00 PM,26,Thursday,44,6,4,27
1:00:00 PM,26,Thursday,21,5,4,25
1:15:00 PM,26,Thursday,106,10,11,11
1:30:00 PM,26,Thursday,82,30,32,10
1:45:00 PM,26,Thursday,57,12,9,17
2:00:00 PM,26,Thursday,60,18,21,10
2:15:00 PM,26,Thursday,79,17,34,8
2:30:00 PM,26,Thursday,78,29,22,13
2:45:00 PM,26,Thursday,69,14,32,18
3:00:00 PM,26,Thursday,84,25,5,9
3:15:00 PM,26,Thursday,62,11,28,5
3:30:00 PM,26,Thursday,33,17,22,18
3:45:00 PM,26,Thursday,14,21,23,6
4:00:00 PM,26,Thursday,127,27,40,5
4:15:00 PM,26,Thursday,136,10,27,7
4:30:00 PM,26,Thursday,148,14,37,9
4:45:00 PM,26,Thursday,122,16,28,6
5:00:00 PM,26,Thursday,132,12,45,9
5:15:00 PM,26,Thursday,136,29,29,10
5:30:00 PM,26,Thursday,103,33,48,10
5:45:00 PM,26,Thursday,132,37,23,10
6:00:00 PM,26,Thursday,136,39,39,6
6:15:00 PM,26,Thursday,120,24,36,5
6:30:00 PM,26,Thursday,126,34,38,9
6:45:00 PM,26,Thursday,80,22,14,18
7:00:00 PM,26,Thursday,99,9,15,29
7:15:00 PM,26,Thursday,81,21,19,7
7:30:00 PM,26,Thursday,87,9,16,26
7:45:00 PM,26,Thursday,80,17,13,30
8:00:00 PM,26,Thursday,91,18,18,9
8:15:00 PM,26,Thursday,90,19,15,13
8:30:00 PM,26,Thursday,107,19,10,23
8:45:00 PM,26,Thursday,98,11,14,27
9:00:00 PM,26,Thursday,98,18,20,22
9:15:00 PM,26,Thursday,102,5,12,17
9:30:00 PM,26,Thursday,62,13,16,28
9:45:00 PM,26,Thursday,101,15,12,35
10:00:00 PM,26,Thursday,17,5,1,16
10:15:00 PM,26,Thursday,10,4,1,37
10:30:00 PM,26,Thursday,16,4,0,35
10:45:00 PM,26,Thursday,17,2,0,17
11:00:00 PM,26,Thursday,17,0,0,27
11:15:00 PM,26,Thursday,17,4,1,25
11:30:00 PM,26,Thursday,15,2,0,15
11:45:00 PM,26,Thursday,20,0,1,12
12:00:00 AM,27,Friday,16,3,0,28
12:15:00 AM,27,Friday,13,2,1,28
12:30:00 AM,27,Friday,15,5,0,26
12:45:00 AM,27,Friday,15,2,1,16
1:00:00 AM,27,Friday,12,3,0,26
1:15:00 AM,27,Friday,15,5,0,27
1:30:00 AM,27,Friday,20,2,0,17
1:45:00 AM,27,Friday,12,2,0,16
2:00:00 AM,27,Friday,19,1,0,38
2:15:00 AM,27,Friday,16,1,1,32
2:30:00 AM,27,Friday,12,0,0,11
2:45:00 AM,27,Friday,16,5,1,29
3:00:00 AM,27,Friday,19,5,1,18
3:15:00 AM,27,Friday,11,0,0,15
3:30:00 AM,27,Friday,15,4,1,17
3:45:00 AM,27,Friday,20,1,0,23
4:00:00 AM,27,Friday,10,4,0,36
4:15:00 AM,27,Friday,39,14,0,15
4:30:00 AM,27,Friday,33,7,3,10
4:45:00 AM,27,Friday,77,8,7,15
5:00:00 AM,27,Friday,80,18,6,11
5:15:00 AM,27,Friday,53,11,7,15
5:30:00 AM,27,Friday,73,17,6,13
5:45:00 AM,27,Friday,77,20,4,13
6:00:00 AM,27,Friday,76,14,1,12
6:15:00 AM,27,Friday,58,14,0,15
6:30:00 AM,27,Friday,57,18,7,13
6:45:00 AM,27,Friday,80,16,0,10
7:00:00 AM,27,Friday,38,7,1,13
7:15:00 AM,27,Friday,53,20,6,12
7:30:00 AM,27,Friday,30,9,7,10
7:45:00 AM,27,Friday,50,19,4,10
8:00:00 AM,27,Friday,31,14,3,14
8:15:00 AM,27,Friday,28,18,5,10
8:30:00 AM,27,Friday,31,15,4,12
8:45:00 AM,27,Friday,52,19,0,10
9:00:00 AM,27,Friday,42,9,2,13
9:15:00 AM,27,Friday,151,55,27,2
9:30:00 AM,27,Friday,180,69,29,1
9:45:00 AM,27,Friday,149,41,23,3
10:00:00 AM,27,Friday,167,60,27,3
10:15:00 AM,27,Friday,134,45,22,3
10:30:00 AM,27,Friday,180,62,26,4
10:45:00 AM,27,Friday,156,54,25,3
11:00:00 AM,27,Friday,171,60,18,1
11:15:00 AM,27,Friday,174,53,10,3
11:30:00 AM,27,Friday,154,61,16,3
11:45:00 AM,27,Friday,161,53,11,1
12:00:00 PM,27,Friday,148,48,13,2
12:15:00 PM,27,Friday,136,60,27,2
12:30:00 PM,27,Friday,143,68,16,0
12:45:00 PM,27,Friday,152,51,22,2
1:00:00 PM,27,Friday,132,58,15,4
1:15:00 PM,27,Friday,155,58,15,4
1:30:00 PM,27,Friday,144,62,12,3
1:45:00 PM,27,Friday,161,51,20,1
2:00:00 PM,27,Friday,137,46,13,2
2:15:00 PM,27,Friday,149,61,16,1
2:30:00 PM,27,Friday,158,46,20,1
2:45:00 PM,27,Friday,134,65,22,0
3:00:00 PM,27,Friday,134,65,10,2
3:15:00 PM,27,Friday,73,24,4,0
3:30:00 PM,27,Friday,64,23,21,1
3:45:00 PM,27,Friday,51,27,25,2
4:00:00 PM,27,Friday,80,22,17,0
4:15:00 PM,27,Friday,61,26,8,0
4:30:00 PM,27,Friday,75,24,8,0
4:45:00 PM,27,Friday,82,20,15,2
5:00:00 PM,27,Friday,53,28,21,1
5:15:00 PM,27,Friday,68,29,14,0
5:30:00 PM,27,Friday,63,28,22,0
5:45:00 PM,27,Friday,76,30,20,1
6:00:00 PM,27,Friday,66,23,10,0
6:15:00 PM,27,Friday,50,23,1,0
6:30:00 PM,27,Friday,60,29,22,2
6:45:00 PM,27,Friday,75,26,11,0
7:00:00 PM,27,Friday,81,22,18,2
7:15:00 PM,27,Friday,33,6,0,4
7:30:00 PM,27,Friday,21,5,6,15
7:45:00 PM,27,Friday,22,7,1,2
8:00:00 PM,27,Friday,31,6,0,15
8:15:00 PM,27,Friday,41,8,3,2
8:30:00 PM,27,Friday,24,6,5,11
8:45:00 PM,27,Friday,45,6,6,10
9:00:00 PM,27,Friday,24,11,6,2
9:15:00 PM,27,Friday,47,6,2,12
9:30:00 PM,27,Friday,46,1,1,4
9:45:00 PM,27,Friday,26,3,2,3
10:00:00 PM,27,Friday,20,4,0,39
10:15:00 PM,27,Friday,20,1,1,27
10:30:00 PM,27,Friday,19,0,1,17
10:45:00 PM,27,Friday,11,3,1,19
11:00:00 PM,27,Friday,17,5,1,31
11:15:00 PM,27,Friday,19,4,0,12
11:30:00 PM,27,Friday,11,1,0,38
11:45:00 PM,27,Friday,12,0,0,17
12:00:00 AM,28,Saturday,18,0,0,27
12:15:00 AM,28,Saturday,19,4,0,14
12:30:00 AM,28,Saturday,13,2,0,28
12:45:00 AM,28,Saturday,18,4,1,23
1:00:00 AM,28,Saturday,20,0,0,11
1:15:00 AM,28,Saturday,11,4,1,22
1:30:00 AM,28,Saturday,15,2,0,18
1:45:00 AM,28,Saturday,16,3,0,34
2:00:00 AM,28,Saturday,11,2,0,18
2:15:00 AM,28,Saturday,17,4,1,38
2:30:00 AM,28,Saturday,20,4,1,28
2:45:00 AM,28,Saturday,19,0,1,37
3:00:00 AM,28,Saturday,10,2,1,34
3:15:00 AM,28,Saturday,19,0,0,17
3:30:00 AM,28,Saturday,15,0,0,30
3:45:00 AM,28,Saturday,10,2,0,31
4:00:00 AM,28,Saturday,18,3,0,17
4:15:00 AM,28,Saturday,97,22,4,18
4:30:00 AM,28,Saturday,111,12,9,17
4:45:00 AM,28,Saturday,108,10,5,17
5:00:00 AM,28,Saturday,74,24,10,20
5:15:00 AM,28,Saturday,114,4,8,20
5:30:00 AM,28,Saturday,91,16,5,11
5:45:00 AM,28,Saturday,66,3,9,19
6:00:00 AM,28,Saturday,104,32,23,5
6:15:00 AM,28,Saturday,128,18,31,3
6:30:00 AM,28,Saturday,127,24,27,0
6:45:00 AM,28,Saturday,130,31,22,0
7:00:00 AM,28,Saturday,108,13,38,1
7:15:00 AM,28,Saturday,116,22,37,2
7:30:00 AM,28,Saturday,143,28,27,4
7:45:00 AM,28,Saturday,118,32,21,5
8:00:00 AM,28,Saturday,121,35,32,0
8:15:00 AM,28,Saturday,109,28,39,2
8:30:00 AM,28,Saturday,135,11,23,5
8:45:00 AM,28,Saturday,100,30,29,2
9:00:00 AM,28,Saturday,138,32,26,4
9:15:00 AM,28,Saturday,29,9,21,23
9:30:00 AM,28,Saturday,36,17,7,30
9:45:00 AM,28,Saturday,42,9,37,28
10:00:00 AM,28,Saturday,80,6,12,6
10:15:00 AM,28,Saturday,37,21,28,6
10:30:00 AM,28,Saturday,44,17,27,30
10:45:00 AM,28,Saturday,25,12,13,5
11:00:00 AM,28,Saturday,36,9,9,30
11:15:00 AM,28,Saturday,63,7,10,29
11:30:00 AM,28,Saturday,20,5,13,22
11:45:00 AM,28,Saturday,53,8,6,23
12:00:00 PM,28,Saturday,41,7,5,26
12:15:00 PM,28,Saturday,36,9,13,29
12:30:00 PM,28,Saturday,65,10,8,22
12:45:00 PM,28,Saturday,55,6,5,27
1:00:00 PM,28,Saturday,63,8,15,30
1:15:00 PM,28,Saturday,19,26,32,18
1:30:00 PM,28,Saturday,84,11,11,9
1:45:00 PM,28,Saturday,110,23,34,9
2:00:00 PM,28,Saturday,46,20,18,5
2:15:00 PM,28,Saturday,67,12,10,20
2:30:00 PM,28,Saturday,42,25,20,19
2:45:00 PM,28,Saturday,87,17,18,6
3:00:00 PM,28,Saturday,45,24,31,11
3:15:00 PM,28,Saturday,80,26,35,6
3:30:00 PM,28,Saturday,83,18,6,15
3:45:00 PM,28,Saturday,68,19,15,11
4:00:00 PM,28,Saturday,101,37,48,9
4:15:00 PM,28,Saturday,149,32,29,10
4:30:00 PM,28,Saturday,136,21,33,9
4:45:00 PM,28,Saturday,105,20,23,7
5:00:00 PM,28,Saturday,125,12,20,8
5:15:00 PM,28,Saturday,125,14,26,5
5:30:00 PM,28,Saturday,118,28,23,8
5:45:00 PM,28,Saturday,114,32,45,6
6:00:00 PM,28,Saturday,123,37,46,8
6:15:00 PM,28,Saturday,115,23,22,7
6:30:00 PM,28,Saturday,111,25,35,10
6:45:00 PM,28,Saturday,66,8,11,9
7:00:00 PM,28,Saturday,103,12,17,23
7:15:00 PM,28,Saturday,94,14,14,24
7:30:00 PM,28,Saturday,105,23,15,18
7:45:00 PM,28,Saturday,53,22,14,35
8:00:00 PM,28,Saturday,74,10,12,32
8:15:00 PM,28,Saturday,71,24,15,26
8:30:00 PM,28,Saturday,61,21,15,32
8:45:00 PM,28,Saturday,101,25,18,8
9:00:00 PM,28,Saturday,104,22,10,14
9:15:00 PM,28,Saturday,79,20,15,18
9:30:00 PM,28,Saturday,70,20,11,14
9:45:00 PM,28,Saturday,74,16,14,34
10:00:00 PM,28,Saturday,20,5,0,21
10:15:00 PM,28,Saturday,16,0,0,36
10:30:00 PM,28,Saturday,14,3,0,20
10:45:00 PM,28,Saturday,14,1,1,30
11:00:00 PM,28,Saturday,17,0,1,12
11:15:00 PM,28,Saturday,14,0,0,14
11:30:00 PM,28,Saturday,18,5,0,40
11:45:00 PM,28,Saturday,17,2,0,18
12:00:00 AM,29,Sunday,14,1,1,35
12:15:00 AM,29,Sunday,14,2,1,26
12:30:00 AM,29,Sunday,16,0,1,37
12:45:00 AM,29,Sunday,14,4,1,32
1:00:00 AM,29,Sunday,19,5,0,12
1:15:00 AM,29,Sunday,11,0,1,31
1:30:00 AM,29,Sunday,12,0,0,32
1:45:00 AM,29,Sunday,12,3,0,32
2:00:00 AM,29,Sunday,18,4,1,31
2:15:00 AM,29,Sunday,17,4,1,20
2:30:00 AM,29,Sunday,17,0,0,22
2:45:00 AM,29,Sunday,19,2,1,12
3:00:00 AM,29,Sunday,18,2,1,19
3:15:00 AM,29,Sunday,19,5,0,26
3:30:00 AM,29,Sunday,19,5,1,35
3:45:00 AM,29,Sunday,18,0,0,20
4:00:00 AM,29,Sunday,16,0,0,30
4:15:00 AM,29,Sunday,114,30,9,7
4:30:00 AM,29,Sunday,102,17,2,14
4:45:00 AM,29,Sunday,55,4,7,13
5:00:00 AM,29,Sunday,82,2,4,14
5:15:00 AM,29,Sunday,66,16,9,19
5:30:00 AM,29,Sunday,86,5,1,13
5:45:00 AM,29,Sunday,108,24,2,19
6:00:00 AM,29,Sunday,112,30,26,0
6:15:00 AM,29,Sunday,147,31,46,0
6:30:00 AM,29,Sunday,116,20,40,2
6:45:00 AM,29,Sunday,138,13,21,5
7:00:00 AM,29,Sunday,132,25,40,2
7:15:00 AM,29,Sunday,124,14,31,4
7:30:00 AM,29,Sunday,106,27,25,1
7:45:00 AM,29,Sunday,104,24,29,5
8:00:00 AM,29,Sunday,140,31,21,4
8:15:00 AM,29,Sunday,121,35,37,3
8:30:00 AM,29,Sunday,135,23,37,5
8:45:00 AM,29,Sunday,149,20,30,5
9:00:00 AM,29,Sunday,117,14,39,0
9:15:00 AM,29,Sunday,39,8,23,13
9:30:00 AM,29,Sunday,40,14,18,21
9:45:00 AM,29,Sunday,49,1,35,18
10:00:00 AM,29,Sunday,38,12,35,25
10:15:00 AM,29,Sunday,26,15,25,6
10:30:00 AM,29,Sunday,93,14,10,25
10:45:00 AM,29,Sunday,54,24,37,20
11:00:00 AM,29,Sunday,32,6,10,23
11:15:00 AM,29,Sunday,43,7,12,23
11:30:00 AM,29,Sunday,23,6,15,20
11:45:00 AM,29,Sunday,26,5,8,25
12:00:00 PM,29,Sunday,55,7,8,27
12:15:00 PM,29,Sunday,70,10,8,25
12:30:00 PM,29,Sunday,66,10,3,29
12:45:00 PM,29,Sunday,66,7,15,26
1:00:00 PM,29,Sunday,46,6,7,21
1:15:00 PM,29,Sunday,47,26,6,20
1:30:00 PM,29,Sunday,75,20,7,11
1:45:00 PM,29,Sunday,76,29,15,19
2:00:00 PM,29,Sunday,56,14,38,12
2:15:00 PM,29,Sunday,19,26,36,17
2:30:00 PM,29,Sunday,29,18,10,9
2:45:00 PM,29,Sunday,15,12,18,15
3:00:00 PM,29,Sunday,53,27,27,17
3:15:00 PM,29,Sunday,95,22,28,9
3:30:00 PM,29,Sunday,27,27,32,10
3:45:00 PM,29,Sunday,68,28,31,15
4:00:00 PM,29,Sunday,120,14,25,8
4:15:00 PM,29,Sunday,144,28,24,8
4:30:00 PM,29,Sunday,112,31,43,8
4:45:00 PM,29,Sunday,149,28,20,10
5:00:00 PM,29,Sunday,131,29,34,8
5:15:00 PM,29,Sunday,104,31,41,9
5:30:00 PM,29,Sunday,141,30,27,7
5:45:00 PM,29,Sunday,117,10,47,9
6:00:00 PM,29,Sunday,112,13,37,6
6:15:00 PM,29,Sunday,127,40,39,8
6:30:00 PM,29,Sunday,131,15,31,6
6:45:00 PM,29,Sunday,66,8,10,11
7:00:00 PM,29,Sunday,61,23,18,34
7:15:00 PM,29,Sunday,55,25,13,26
7:30:00 PM,29,Sunday,85,23,20,6
7:45:00 PM,29,Sunday,75,20,19,19
8:00:00 PM,29,Sunday,58,17,20,22
8:15:00 PM,29,Sunday,60,23,11,26
8:30:00 PM,29,Sunday,80,21,11,7
8:45:00 PM,29,Sunday,74,9,14,35
9:00:00 PM,29,Sunday,57,14,11,16
9:15:00 PM,29,Sunday,73,9,13,5
9:30:00 PM,29,Sunday,80,25,19,26
9:45:00 PM,29,Sunday,82,13,12,21
10:00:00 PM,29,Sunday,15,4,0,27
10:15:00 PM,29,Sunday,20,2,0,29
10:30:00 PM,29,Sunday,12,2,0,39
10:45:00 PM,29,Sunday,10,4,1,13
11:00:00 PM,29,Sunday,16,0,1,29
11:15:00 PM,29,Sunday,18,0,0,34
11:30:00 PM,29,Sunday,11,5,1,19
11:45:00 PM,29,Sunday,16,1,0,12
12:00:00 AM,30,Monday,13,3,1,12
12:15:00 AM,30,Monday,19,2,0,22
12:30:00 AM,30,Monday,13,3,0,39
12:45:00 AM,30,Monday,12,0,0,24
1:00:00 AM,30,Monday,10,3,1,12
1:15:00 AM,30,Monday,11,4,0,38
1:30:00 AM,30,Monday,18,4,0,31
1:45:00 AM,30,Monday,19,1,0,34
2:00:00 AM,30,Monday,18,1,0,27
2:15:00 AM,30,Monday,13,0,0,26
2:30:00 AM,30,Monday,12,2,0,35
2:45:00 AM,30,Monday,15,4,0,12
3:00:00 AM,30,Monday,10,5,0,33
3:15:00 AM,30,Monday,14,0,0,15
3:30:00 AM,30,Monday,16,0,0,16
3:45:00 AM,30,Monday,15,3,1,26
4:00:00 AM,30,Monday,20,4,0,34
4:15:00 AM,30,Monday,82,20,10,11
4:30:00 AM,30,Monday,99,7,3,6
4:45:00 AM,30,Monday,74,29,9,4
5:00:00 AM,30,Monday,94,1,1,14
5:15:00 AM,30,Monday,63,12,10,17
5:30:00 AM,30,Monday,101,4,3,12
5:45:00 AM,30,Monday,106,9,3,10
6:00:00 AM,30,Monday,112,15,24,1
6:15:00 AM,30,Monday,148,26,25,0
6:30:00 AM,30,Monday,115,20,31,3
6:45:00 AM,30,Monday,125,11,24,0
7:00:00 AM,30,Monday,140,38,38,0
7:15:00 AM,30,Monday,150,17,35,5
7:30:00 AM,30,Monday,149,11,42,2
7:45:00 AM,30,Monday,150,22,38,3
8:00:00 AM,30,Monday,147,32,25,4
8:15:00 AM,30,Monday,138,39,45,4
8:30:00 AM,30,Monday,149,16,49,1
8:45:00 AM,30,Monday,139,10,50,2
9:00:00 AM,30,Monday,109,25,49,2
9:15:00 AM,30,Monday,84,24,12,28
9:30:00 AM,30,Monday,38,8,6,5
9:45:00 AM,30,Monday,45,16,6,21
10:00:00 AM,30,Monday,57,4,36,14
10:15:00 AM,30,Monday,84,12,6,28
10:30:00 AM,30,Monday,55,25,33,21
10:45:00 AM,30,Monday,14,15,5,21
11:00:00 AM,30,Monday,26,8,11,20
11:15:00 AM,30,Monday,60,10,9,27
11:30:00 AM,30,Monday,34,6,7,25
11:45:00 AM,30,Monday,22,9,8,26
12:00:00 PM,30,Monday,59,10,11,30
12:15:00 PM,30,Monday,48,6,14,28
12:30:00 PM,30,Monday,46,9,11,23
12:45:00 PM,30,Monday,37,9,8,20
1:00:00 PM,30,Monday,67,9,11,21
1:15:00 PM,30,Monday,32,19,39,9
1:30:00 PM,30,Monday,63,12,22,5
1:45:00 PM,30,Monday,32,29,25,11
2:00:00 PM,30,Monday,83,22,40,20
2:15:00 PM,30,Monday,40,14,31,19
2:30:00 PM,30,Monday,101,22,39,19
2:45:00 PM,30,Monday,62,29,31,11
3:00:00 PM,30,Monday,20,19,25,8
3:15:00 PM,30,Monday,42,22,5,9
3:30:00 PM,30,Monday,37,17,12,16
3:45:00 PM,30,Monday,95,12,20,15
4:00:00 PM,30,Monday,137,14,41,10
4:15:00 PM,30,Monday,122,21,20,10
4:30:00 PM,30,Monday,104,19,39,9
4:45:00 PM,30,Monday,147,21,40,9
5:00:00 PM,30,Monday,105,38,34,7
5:15:00 PM,30,Monday,124,23,46,5
5:30:00 PM,30,Monday,135,18,20,5
5:45:00 PM,30,Monday,107,35,23,8
6:00:00 PM,30,Monday,109,21,24,10
6:15:00 PM,30,Monday,136,32,26,8
6:30:00 PM,30,Monday,134,23,49,8
6:45:00 PM,30,Monday,90,20,11,25
7:00:00 PM,30,Monday,104,5,16,16
7:15:00 PM,30,Monday,60,21,13,6
7:30:00 PM,30,Monday,104,22,11,13
7:45:00 PM,30,Monday,54,23,10,25
8:00:00 PM,30,Monday,68,6,15,34
8:15:00 PM,30,Monday,88,13,19,19
8:30:00 PM,30,Monday,64,22,16,16
8:45:00 PM,30,Monday,58,24,14,24
9:00:00 PM,30,Monday,67,19,12,9
9:15:00 PM,30,Monday,73,20,18,7
9:30:00 PM,30,Monday,109,25,16,20
9:45:00 PM,30,Monday,63,15,11,23
10:00:00 PM,30,Monday,19,4,1,26
10:15:00 PM,30,Monday,15,1,0,34
10:30:00 PM,30,Monday,15,5,1,14
10:45:00 PM,30,Monday,19,3,1,33
11:00:00 PM,30,Monday,18,4,0,11
11:15:00 PM,30,Monday,14,1,0,27
11:30:00 PM,30,Monday,19,0,0,37
11:45:00 PM,30,Monday,19,0,0,29
12:00:00 AM,31,Tuesday,18,1,0,30
12:15:00 AM,31,Tuesday,19,3,0,18
12:30:00 AM,31,Tuesday,15,2,1,34
12:45:00 AM,31,Tuesday,17,0,1,14
1:00:00 AM,31,Tuesday,12,0,0,33
1:15:00 AM,31,Tuesday,20,0,1,20
1:30:00 AM,31,Tuesday,10,2,0,18
1:45:00 AM,31,Tuesday,13,3,0,31
2:00:00 AM,31,Tuesday,10,0,1,38
2:15:00 AM,31,Tuesday,19,1,1,28
2:30:00 AM,31,Tuesday,19,4,0,16
2:45:00 AM,31,Tuesday,16,1,0,15
3:00:00 AM,31,Tuesday,17,1,0,34
3:15:00 AM,31,Tuesday,19,1,0,21
3:30:00 AM,31,Tuesday,10,1,0,39
3:45:00 AM,31,Tuesday,16,4,0,15
4:00:00 AM,31,Tuesday,13,0,0,16
4:15:00 AM,31,Tuesday,98,5,1,17
4:30:00 AM,31,Tuesday,65,10,3,8
4:45:00 AM,31,Tuesday,98,17,0,20
5:00:00 AM,31,Tuesday,60,20,5,6
5:15:00 AM,31,Tuesday,110,18,10,11
5:30:00 AM,31,Tuesday,70,13,4,13
5:45:00 AM,31,Tuesday,96,12,7,17
6:00:00 AM,31,Tuesday,129,31,36,1
6:15:00 AM,31,Tuesday,146,28,47,3
6:30:00 AM,31,Tuesday,137,23,27,0
6:45:00 AM,31,Tuesday,131,28,24,0
7:00:00 AM,31,Tuesday,134,10,44,0
7:15:00 AM,31,Tuesday,109,25,24,0
7:30:00 AM,31,Tuesday,108,35,22,3
7:45:00 AM,31,Tuesday,146,14,37,2
8:00:00 AM,31,Tuesday,147,21,41,5
8:15:00 AM,31,Tuesday,110,34,35,0
8:30:00 AM,31,Tuesday,110,40,50,2
8:45:00 AM,31,Tuesday,123,12,22,3
9:00:00 AM,31,Tuesday,145,25,20,5
9:15:00 AM,31,Tuesday,82,15,16,29
9:30:00 AM,31,Tuesday,62,2,7,22
9:45:00 AM,31,Tuesday,92,8,11,21
10:00:00 AM,31,Tuesday,35,22,22,18
10:15:00 AM,31,Tuesday,66,25,13,13
10:30:00 AM,31,Tuesday,50,2,25,12
10:45:00 AM,31,Tuesday,50,22,24,7
11:00:00 AM,31,Tuesday,50,8,5,24
11:15:00 AM,31,Tuesday,55,5,5,21
11:30:00 AM,31,Tuesday,51,10,14,24
11:45:00 AM,31,Tuesday,34,8,14,21
12:00:00 PM,31,Tuesday,25,7,5,20
12:15:00 PM,31,Tuesday,59,7,9,21
12:30:00 PM,31,Tuesday,38,10,9,24
12:45:00 PM,31,Tuesday,70,10,9,23
1:00:00 PM,31,Tuesday,63,8,13,22
1:15:00 PM,31,Tuesday,6,24,12,13
1:30:00 PM,31,Tuesday,108,17,16,16
1:45:00 PM,31,Tuesday,41,20,32,12
2:00:00 PM,31,Tuesday,54,10,20,9
2:15:00 PM,31,Tuesday,60,19,14,7
2:30:00 PM,31,Tuesday,102,11,9,11
2:45:00 PM,31,Tuesday,50,24,30,5
3:00:00 PM,31,Tuesday,25,24,19,10
3:15:00 PM,31,Tuesday,90,25,18,20
3:30:00 PM,31,Tuesday,86,13,27,11
3:45:00 PM,31,Tuesday,44,19,17,9
4:00:00 PM,31,Tuesday,126,24,35,8
4:15:00 PM,31,Tuesday,146,26,42,9
4:30:00 PM,31,Tuesday,117,28,33,10
4:45:00 PM,31,Tuesday,144,36,49,10
5:00:00 PM,31,Tuesday,137,19,23,9
5:15:00 PM,31,Tuesday,118,19,48,5
5:30:00 PM,31,Tuesday,119,27,28,8
5:45:00 PM,31,Tuesday,149,26,43,5
6:00:00 PM,31,Tuesday,117,34,36,10
6:15:00 PM,31,Tuesday,124,30,44,10
6:30:00 PM,31,Tuesday,141,36,48,5
6:45:00 PM,31,Tuesday,78,6,11,28
7:00:00 PM,31,Tuesday,102,23,16,24
7:15:00 PM,31,Tuesday,104,18,18,23
7:30:00 PM,31,Tuesday,95,9,19,7
7:45:00 PM,31,Tuesday,105,13,12,20
8:00:00 PM,31,Tuesday,100,18,16,34
8:15:00 PM,31,Tuesday,80,14,20,15
8:30:00 PM,31,Tuesday,86,8,19,7
8:45:00 PM,31,Tuesday,108,20,14,15
9:00:00 PM,31,Tuesday,69,13,13,8
9:15:00 PM,31,Tuesday,64,14,10,6
9:30:00 PM,31,Tuesday,71,14,17,10
9:45:00 PM,31,Tuesday,61,9,18,24
10:00:00 PM,31,Tuesday,11,4,0,31
10:15:00 PM,31,Tuesday,17,5,0,14
10:30:00 PM,31,Tuesday,15,5,0,18
10:45:00 PM,31,Tuesday,14,2,0,40
11:00:00 PM,31,Tuesday,12,2,1,28
11:15:00 PM,31,Tuesday,18,0,1,40
11:30:00 PM,31,Tuesday,14,5,0,13
11:45:00 PM,31,Tuesday,18,1,0,26
12:00:00 AM,1,Wednesday,14,0,0,34
12:15:00 AM,1,Wednesday,17,5,0,23
12:30:00 AM,1,Wednesday,19,1,1,18
12:45:00 AM,1,Wednesday,15,5,1,12
1:00:00 AM,1,Wednesday,13,2,1,26
1:15:00 AM,1,Wednesday,15,3,0,32
1:30:00 AM,1,Wednesday,15,0,1,13
1:45:00 AM,1,Wednesday,18,5,1,12
2:00:00 AM,1,Wednesday,17,1,0,29
2:15:00 AM,1,Wednesday,10,4,0,19
2:30:00 AM,1,Wednesday,15,0,0,18
2:45:00 AM,1,Wednesday,11,0,0,35
3:00:00 AM,1,Wednesday,20,5,1,34
3:15:00 AM,1,Wednesday,15,5,1,32
3:30:00 AM,1,Wednesday,16,4,1,37
3:45:00 AM,1,Wednesday,14,1,0,12
4:00:00 AM,1,Wednesday,16,4,0,18
4:15:00 AM,1,Wednesday,56,21,3,0
4:30:00 AM,1,Wednesday,78,11,10,18
4:45:00 AM,1,Wednesday,82,29,0,20
5:00:00 AM,1,Wednesday,102,15,2,7
5:15:00 AM,1,Wednesday,69,14,6,18
5:30:00 AM,1,Wednesday,87,24,6,19
5:45:00 AM,1,Wednesday,84,16,10,5
6:00:00 AM,1,Wednesday,109,38,34,5
6:15:00 AM,1,Wednesday,147,38,23,3
6:30:00 AM,1,Wednesday,135,19,48,5
6:45:00 AM,1,Wednesday,101,23,41,5
7:00:00 AM,1,Wednesday,138,21,28,1
7:15:00 AM,1,Wednesday,136,20,32,1
7:30:00 AM,1,Wednesday,123,19,25,5
7:45:00 AM,1,Wednesday,108,30,46,5
8:00:00 AM,1,Wednesday,128,15,43,5
8:15:00 AM,1,Wednesday,129,37,41,1
8:30:00 AM,1,Wednesday,127,18,28,3
8:45:00 AM,1,Wednesday,142,37,46,3
9:00:00 AM,1,Wednesday,149,26,46,1
9:15:00 AM,1,Wednesday,77,13,7,23
9:30:00 AM,1,Wednesday,37,16,13,29
9:45:00 AM,1,Wednesday,79,8,16,12
10:00:00 AM,1,Wednesday,97,2,16,7
10:15:00 AM,1,Wednesday,22,8,31,8
10:30:00 AM,1,Wednesday,31,23,19,12
10:45:00 AM,1,Wednesday,49,22,16,5
11:00:00 AM,1,Wednesday,32,5,3,21
11:15:00 AM,1,Wednesday,40,6,11,28
11:30:00 AM,1,Wednesday,42,6,10,21
11:45:00 AM,1,Wednesday,37,9,7,25
12:00:00 PM,1,Wednesday,45,5,5,24
12:15:00 PM,1,Wednesday,64,10,4,28
12:30:00 PM,1,Wednesday,33,8,6,23
12:45:00 PM,1,Wednesday,34,6,12,27
1:00:00 PM,1,Wednesday,40,9,5,20
1:15:00 PM,1,Wednesday,64,19,22,12
1:30:00 PM,1,Wednesday,108,24,34,7
1:45:00 PM,1,Wednesday,108,17,33,7
2:00:00 PM,1,Wednesday,50,23,21,11
2:15:00 PM,1,Wednesday,16,21,10,16
2:30:00 PM,1,Wednesday,91,22,34,8
2:45:00 PM,1,Wednesday,89,19,37,18
3:00:00 PM,1,Wednesday,108,12,23,8
3:15:00 PM,1,Wednesday,73,29,23,7
3:30:00 PM,1,Wednesday,76,28,39,14
3:45:00 PM,1,Wednesday,19,15,20,17
4:00:00 PM,1,Wednesday,102,37,48,9
4:15:00 PM,1,Wednesday,115,36,41,8
4:30:00 PM,1,Wednesday,142,23,23,6
4:45:00 PM,1,Wednesday,134,15,29,8
5:00:00 PM,1,Wednesday,146,18,49,9
5:15:00 PM,1,Wednesday,126,24,48,9
5:30:00 PM,1,Wednesday,138,18,27,6
5:45:00 PM,1,Wednesday,129,13,43,6
6:00:00 PM,1,Wednesday,127,35,23,10
6:15:00 PM,1,Wednesday,144,20,22,7
6:30:00 PM,1,Wednesday,117,19,31,7
6:45:00 PM,1,Wednesday,87,10,13,16
7:00:00 PM,1,Wednesday,87,6,18,30
7:15:00 PM,1,Wednesday,97,18,10,24
7:30:00 PM,1,Wednesday,71,21,14,12
7:45:00 PM,1,Wednesday,96,24,18,10
8:00:00 PM,1,Wednesday,90,7,17,31
8:15:00 PM,1,Wednesday,74,6,12,34
8:30:00 PM,1,Wednesday,59,7,15,20
8:45:00 PM,1,Wednesday,87,11,16,28
9:00:00 PM,1,Wednesday,62,22,20,20
9:15:00 PM,1,Wednesday,71,16,14,9
9:30:00 PM,1,Wednesday,98,9,15,18
9:45:00 PM,1,Wednesday,93,8,10,16
10:00:00 PM,1,Wednesday,17,4,0,36
10:15:00 PM,1,Wednesday,16,1,1,29
10:30:00 PM,1,Wednesday,15,2,0,10
10:45:00 PM,1,Wednesday,10,3,1,23
11:00:00 PM,1,Wednesday,12,4,0,31
11:15:00 PM,1,Wednesday,20,1,1,24
11:30:00 PM,1,Wednesday,11,0,1,23
11:45:00 PM,1,Wednesday,14,1,1,17
12:00:00 AM,2,Thursday,12,5,1,38
12:15:00 AM,2,Thursday,15,4,1,29
12:30:00 AM,2,Thursday,12,4,0,40
12:45:00 AM,2,Thursday,11,5,0,22
1:00:00 AM,2,Thursday,14,5,1,21
1:15:00 AM,2,Thursday,14,3,0,39
1:30:00 AM,2,Thursday,10,4,1,11
1:45:00 AM,2,Thursday,11,0,0,16
2:00:00 AM,2,Thursday,12,3,0,39
2:15:00 AM,2,Thursday,11,0,1,36
2:30:00 AM,2,Thursday,16,2,0,35
2:45:00 AM,2,Thursday,17,3,1,36
3:00:00 AM,2,Thursday,13,1,1,13
3:15:00 AM,2,Thursday,14,5,0,19
3:30:00 AM,2,Thursday,17,5,1,15
3:45:00 AM,2,Thursday,19,3,0,13
4:00:00 AM,2,Thursday,19,3,1,12
4:15:00 AM,2,Thursday,54,15,10,8
4:30:00 AM,2,Thursday,107,0,1,2
4:45:00 AM,2,Thursday,116,20,5,14
5:00:00 AM,2,Thursday,78,2,4,9
5:15:00 AM,2,Thursday,111,22,0,12
5:30:00 AM,2,Thursday,85,27,7,17
5:45:00 AM,2,Thursday,95,5,9,20
6:00:00 AM,2,Thursday,143,33,27,1
6:15:00 AM,2,Thursday,133,40,37,0
6:30:00 AM,2,Thursday,123,37,34,4
6:45:00 AM,2,Thursday,133,34,36,1
7:00:00 AM,2,Thursday,101,20,42,4
7:15:00 AM,2,Thursday,145,10,37,0
7:30:00 AM,2,Thursday,141,39,40,5
7:45:00 AM,2,Thursday,134,12,22,2
8:00:00 AM,2,Thursday,126,10,26,4
8:15:00 AM,2,Thursday,136,22,31,0
8:30:00 AM,2,Thursday,128,26,42,4
8:45:00 AM,2,Thursday,106,12,28,4
9:00:00 AM,2,Thursday,140,27,36,2
9:15:00 AM,2,Thursday,40,20,37,28
9:30:00 AM,2,Thursday,13,25,33,12
9:45:00 AM,2,Thursday,18,22,26,10
10:00:00 AM,2,Thursday,59,5,36,12
10:15:00 AM,2,Thursday,48,9,30,14
10:30:00 AM,2,Thursday,77,23,14,20
10:45:00 AM,2,Thursday,17,13,13,27
11:00:00 AM,2,Thursday,36,5,14,25
11:15:00 AM,2,Thursday,60,10,3,28
11:30:00 AM,2,Thursday,34,5,4,29
11:45:00 AM,2,Thursday,63,5,6,20
12:00:00 PM,2,Thursday,48,10,13,23
12:15:00 PM,2,Thursday,44,5,5,21
12:30:00 PM,2,Thursday,62,5,14,23
12:45:00 PM,2,Thursday,38,8,15,27
1:00:00 PM,2,Thursday,26,6,9,29
1:15:00 PM,2,Thursday,78,23,16,13
1:30:00 PM,2,Thursday,116,21,22,17
1:45:00 PM,2,Thursday,94,13,11,16
2:00:00 PM,2,Thursday,52,19,26,10
2:15:00 PM,2,Thursday,70,13,12,10
2:30:00 PM,2,Thursday,34,17,21,14
2:45:00 PM,2,Thursday,16,18,40,6
3:00:00 PM,2,Thursday,24,20,15,17
3:15:00 PM,2,Thursday,21,15,33,12
3:30:00 PM,2,Thursday,100,10,18,7
3:45:00 PM,2,Thursday,117,22,11,5
4:00:00 PM,2,Thursday,145,30,40,8
4:15:00 PM,2,Thursday,113,38,45,7
4:30:00 PM,2,Thursday,110,31,37,7
4:45:00 PM,2,Thursday,126,15,26,6
5:00:00 PM,2,Thursday,100,15,29,7
5:15:00 PM,2,Thursday,147,28,29,10
5:30:00 PM,2,Thursday,146,22,50,10
5:45:00 PM,2,Thursday,148,23,27,5
6:00:00 PM,2,Thursday,149,17,41,9
6:15:00 PM,2,Thursday,136,32,41,7
6:30:00 PM,2,Thursday,101,22,33,9
6:45:00 PM,2,Thursday,87,18,13,34
7:00:00 PM,2,Thursday,50,21,14,9
7:15:00 PM,2,Thursday,63,23,19,34
7:30:00 PM,2,Thursday,73,9,11,5
7:45:00 PM,2,Thursday,78,13,20,25
8:00:00 PM,2,Thursday,71,22,12,14
8:15:00 PM,2,Thursday,80,17,11,15
8:30:00 PM,2,Thursday,62,21,10,35
8:45:00 PM,2,Thursday,100,17,16,33
9:00:00 PM,2,Thursday,95,15,18,9
9:15:00 PM,2,Thursday,102,14,15,34
9:30:00 PM,2,Thursday,68,12,15,32
9:45:00 PM,2,Thursday,74,5,19,5
10:00:00 PM,2,Thursday,15,4,1,21
10:15:00 PM,2,Thursday,16,0,1,24
10:30:00 PM,2,Thursday,12,0,0,12
10:45:00 PM,2,Thursday,12,5,0,23
11:00:00 PM,2,Thursday,15,2,1,14
11:15:00 PM,2,Thursday,10,3,0,23
11:30:00 PM,2,Thursday,16,2,0,35
11:45:00 PM,2,Thursday,13,3,0,22
12:00:00 AM,3,Friday,13,0,0,32
12:15:00 AM,3,Friday,11,1,0,27
12:30:00 AM,3,Friday,17,1,0,32
12:45:00 AM,3,Friday,11,2,0,17
1:00:00 AM,3,Friday,14,1,1,11
1:15:00 AM,3,Friday,17,2,0,33
1:30:00 AM,3,Friday,15,2,1,38
1:45:00 AM,3,Friday,13,4,1,24
2:00:00 AM,3,Friday,11,5,1,11
2:15:00 AM,3,Friday,12,3,0,22
2:30:00 AM,3,Friday,15,1,0,26
2:45:00 AM,3,Friday,13,0,1,34
3:00:00 AM,3,Friday,17,5,0,15
3:15:00 AM,3,Friday,20,3,1,26
3:30:00 AM,3,Friday,18,4,0,30
3:45:00 AM,3,Friday,12,1,1,19
4:00:00 AM,3,Friday,20,0,0,12
4:15:00 AM,3,Friday,29,10,0,12
4:30:00 AM,3,Friday,39,20,1,10
4:45:00 AM,3,Friday,76,9,7,13
5:00:00 AM,3,Friday,33,17,0,13
5:15:00 AM,3,Friday,64,14,1,12
5:30:00 AM,3,Friday,44,7,1,11
5:45:00 AM,3,Friday,53,8,4,15
6:00:00 AM,3,Friday,75,6,7,13
6:15:00 AM,3,Friday,60,11,4,10
6:30:00 AM,3,Friday,35,14,2,14
6:45:00 AM,3,Friday,75,20,6,15
7:00:00 AM,3,Friday,27,10,2,12
7:15:00 AM,3,Friday,61,20,7,14
7:30:00 AM,3,Friday,72,20,5,15
7:45:00 AM,3,Friday,43,18,6,14
8:00:00 AM,3,Friday,54,10,4,14
8:15:00 AM,3,Friday,30,12,1,14
8:30:00 AM,3,Friday,72,8,6,12
8:45:00 AM,3,Friday,55,17,7,15
9:00:00 AM,3,Friday,36,20,0,13
9:15:00 AM,3,Friday,168,55,10,0
9:30:00 AM,3,Friday,135,61,28,2
9:45:00 AM,3,Friday,168,68,27,2
10:00:00 AM,3,Friday,139,44,16,1
10:15:00 AM,3,Friday,156,63,12,3
10:30:00 AM,3,Friday,141,51,27,3
10:45:00 AM,3,Friday,144,44,16,3
11:00:00 AM,3,Friday,132,65,23,0
11:15:00 AM,3,Friday,180,48,17,2
11:30:00 AM,3,Friday,140,67,20,4
11:45:00 AM,3,Friday,163,62,12,0
12:00:00 PM,3,Friday,148,70,15,0
12:15:00 PM,3,Friday,134,47,22,3
12:30:00 PM,3,Friday,162,51,13,0
12:45:00 PM,3,Friday,136,49,15,1
1:00:00 PM,3,Friday,147,52,26,0
1:15:00 PM,3,Friday,174,54,25,1
1:30:00 PM,3,Friday,135,69,20,1
1:45:00 PM,3,Friday,142,55,21,1
2:00:00 PM,3,Friday,144,59,14,2
2:15:00 PM,3,Friday,180,49,17,0
2:30:00 PM,3,Friday,153,59,20,4
2:45:00 PM,3,Friday,139,43,27,3
3:00:00 PM,3,Friday,179,60,12,0
3:15:00 PM,3,Friday,76,21,6,1
3:30:00 PM,3,Friday,59,25,19,1
3:45:00 PM,3,Friday,51,20,12,1
4:00:00 PM,3,Friday,78,24,19,2
4:15:00 PM,3,Friday,50,24,11,0
4:30:00 PM,3,Friday,59,25,8,0
4:45:00 PM,3,Friday,90,21,0,0
5:00:00 PM,3,Friday,79,26,21,2
5:15:00 PM,3,Friday,56,21,4,1
5:30:00 PM,3,Friday,70,25,11,2
5:45:00 PM,3,Friday,54,27,21,2
6:00:00 PM,3,Friday,53,22,13,2
6:15:00 PM,3,Friday,59,27,5,2
6:30:00 PM,3,Friday,63,30,21,0
6:45:00 PM,3,Friday,87,21,16,0
7:00:00 PM,3,Friday,71,26,19,1
7:15:00 PM,3,Friday,32,5,5,13
7:30:00 PM,3,Friday,36,6,7,2
7:45:00 PM,3,Friday,35,10,0,2
8:00:00 PM,3,Friday,40,10,5,10
8:15:00 PM,3,Friday,44,6,1,3
8:30:00 PM,3,Friday,40,6,1,3
8:45:00 PM,3,Friday,45,2,7,7
9:00:00 PM,3,Friday,44,2,6,5
9:15:00 PM,3,Friday,33,4,4,5
9:30:00 PM,3,Friday,22,5,3,13
9:45:00 PM,3,Friday,33,5,5,1
10:00:00 PM,3,Friday,10,0,0,29
10:15:00 PM,3,Friday,19,3,1,35
10:30:00 PM,3,Friday,10,4,0,30
10:45:00 PM,3,Friday,12,3,1,25
11:00:00 PM,3,Friday,12,1,0,40
11:15:00 PM,3,Friday,20,2,0,19
11:30:00 PM,3,Friday,18,4,1,11
11:45:00 PM,3,Friday,19,1,1,37
12:00:00 AM,4,Saturday,13,2,0,25
12:15:00 AM,4,Saturday,16,4,1,15
12:30:00 AM,4,Saturday,10,4,1,16
12:45:00 AM,4,Saturday,18,3,0,19
1:00:00 AM,4,Saturday,15,5,0,10
1:15:00 AM,4,Saturday,14,2,1,22
1:30:00 AM,4,Saturday,15,0,0,15
1:45:00 AM,4,Saturday,17,5,0,21
2:00:00 AM,4,Saturday,14,0,1,12
2:15:00 AM,4,Saturday,10,1,0,11
2:30:00 AM,4,Saturday,18,5,0,18
2:45:00 AM,4,Saturday,12,4,0,11
3:00:00 AM,4,Saturday,17,0,1,30
3:15:00 AM,4,Saturday,20,1,0,28
3:30:00 AM,4,Saturday,19,5,1,38
3:45:00 AM,4,Saturday,15,0,0,36
4:00:00 AM,4,Saturday,10,2,0,30
4:15:00 AM,4,Saturday,74,4,4,13
4:30:00 AM,4,Saturday,96,29,6,17
4:45:00 AM,4,Saturday,109,16,6,12
5:00:00 AM,4,Saturday,113,6,9,10
5:15:00 AM,4,Saturday,90,24,8,20
5:30:00 AM,4,Saturday,106,19,10,17
5:45:00 AM,4,Saturday,96,7,6,4
6:00:00 AM,4,Saturday,102,21,42,3
6:15:00 AM,4,Saturday,140,35,50,0
6:30:00 AM,4,Saturday,105,33,29,4
6:45:00 AM,4,Saturday,134,26,27,1
7:00:00 AM,4,Saturday,123,35,45,1
7:15:00 AM,4,Saturday,128,31,26,0
7:30:00 AM,4,Saturday,105,32,43,0
7:45:00 AM,4,Saturday,137,13,31,5
8:00:00 AM,4,Saturday,148,37,46,2
8:15:00 AM,4,Saturday,105,14,35,2
8:30:00 AM,4,Saturday,148,17,42,5
8:45:00 AM,4,Saturday,116,22,30,3
9:00:00 AM,4,Saturday,143,28,46,1
9:15:00 AM,4,Saturday,30,24,13,13
9:30:00 AM,4,Saturday,74,23,35,10
9:45:00 AM,4,Saturday,67,5,36,17
10:00:00 AM,4,Saturday,59,11,33,25
10:15:00 AM,4,Saturday,34,21,39,16
10:30:00 AM,4,Saturday,72,24,10,9
10:45:00 AM,4,Saturday,73,12,32,5
11:00:00 AM,4,Saturday,26,8,8,24
11:15:00 AM,4,Saturday,47,5,7,28
11:30:00 AM,4,Saturday,33,10,6,29
11:45:00 AM,4,Saturday,39,8,13,20
12:00:00 PM,4,Saturday,36,5,14,22
12:15:00 PM,4,Saturday,53,9,15,25
12:30:00 PM,4,Saturday,37,9,10,30
12:45:00 PM,4,Saturday,54,8,4,27
1:00:00 PM,4,Saturday,20,8,15,26
1:15:00 PM,4,Saturday,47,29,28,9
1:30:00 PM,4,Saturday,51,27,10,20
1:45:00 PM,4,Saturday,114,11,40,20
2:00:00 PM,4,Saturday,73,13,19,9
2:15:00 PM,4,Saturday,28,19,27,5
2:30:00 PM,4,Saturday,105,20,20,11
2:45:00 PM,4,Saturday,68,24,15,14
3:00:00 PM,4,Saturday,112,16,30,11
3:15:00 PM,4,Saturday,120,30,28,15
3:30:00 PM,4,Saturday,38,27,12,18
3:45:00 PM,4,Saturday,94,17,14,15
4:00:00 PM,4,Saturday,107,28,45,8
4:15:00 PM,4,Saturday,100,16,49,7
4:30:00 PM,4,Saturday,145,15,20,9
4:45:00 PM,4,Saturday,133,17,22,8
5:00:00 PM,4,Saturday,117,36,41,10
5:15:00 PM,4,Saturday,113,26,26,8
5:30:00 PM,4,Saturday,101,20,21,9
5:45:00 PM,4,Saturday,149,33,45,10
6:00:00 PM,4,Saturday,134,35,26,7
6:15:00 PM,4,Saturday,106,11,45,9
6:30:00 PM,4,Saturday,121,37,34,6
6:45:00 PM,4,Saturday,97,13,11,15
7:00:00 PM,4,Saturday,91,17,18,29
7:15:00 PM,4,Saturday,57,16,13,19
7:30:00 PM,4,Saturday,110,10,10,20
7:45:00 PM,4,Saturday,71,14,17,30
8:00:00 PM,4,Saturday,89,25,20,24
8:15:00 PM,4,Saturday,87,16,15,14
8:30:00 PM,4,Saturday,106,12,16,9
8:45:00 PM,4,Saturday,78,10,19,20
9:00:00 PM,4,Saturday,61,10,16,27
9:15:00 PM,4,Saturday,74,19,15,24
9:30:00 PM,4,Saturday,56,20,11,25
9:45:00 PM,4,Saturday,106,22,16,18
10:00:00 PM,4,Saturday,10,1,1,12
10:15:00 PM,4,Saturday,12,4,1,33
10:30:00 PM,4,Saturday,16,4,0,16
10:45:00 PM,4,Saturday,18,1,0,18
11:00:00 PM,4,Saturday,19,2,0,36
11:15:00 PM,4,Saturday,18,4,1,35
11:30:00 PM,4,Saturday,17,0,0,31
11:45:00 PM,4,Saturday,18,1,0,16
12:00:00 AM,5,Sunday,15,4,0,37
12:15:00 AM,5,Sunday,11,5,0,14
12:30:00 AM,5,Sunday,11,5,0,22
12:45:00 AM,5,Sunday,12,2,1,37
1:00:00 AM,5,Sunday,18,1,1,34
1:15:00 AM,5,Sunday,19,1,0,11
1:30:00 AM,5,Sunday,11,4,1,26
1:45:00 AM,5,Sunday,18,3,0,28
2:00:00 AM,5,Sunday,12,4,1,37
2:15:00 AM,5,Sunday,11,1,1,29
2:30:00 AM,5,Sunday,19,5,1,29
2:45:00 AM,5,Sunday,18,4,0,11
3:00:00 AM,5,Sunday,16,4,0,29
3:15:00 AM,5,Sunday,19,4,1,33
3:30:00 AM,5,Sunday,15,3,1,12
3:45:00 AM,5,Sunday,16,4,1,28
4:00:00 AM,5,Sunday,11,4,0,20
4:15:00 AM,5,Sunday,93,4,1,16
4:30:00 AM,5,Sunday,114,12,7,18
4:45:00 AM,5,Sunday,56,7,5,20
5:00:00 AM,5,Sunday,92,23,3,19
5:15:00 AM,5,Sunday,99,6,6,7
5:30:00 AM,5,Sunday,108,14,6,9
5:45:00 AM,5,Sunday,66,20,2,16
6:00:00 AM,5,Sunday,147,26,44,5
6:15:00 AM,5,Sunday,139,27,29,1
6:30:00 AM,5,Sunday,119,31,36,5
6:45:00 AM,5,Sunday,114,30,21,2
7:00:00 AM,5,Sunday,103,27,21,4
7:15:00 AM,5,Sunday,105,17,29,4
7:30:00 AM,5,Sunday,124,29,41,1
7:45:00 AM,5,Sunday,118,19,34,1
8:00:00 AM,5,Sunday,101,37,32,0
8:15:00 AM,5,Sunday,109,11,48,1
8:30:00 AM,5,Sunday,143,12,23,3
8:45:00 AM,5,Sunday,143,40,30,0
9:00:00 AM,5,Sunday,128,16,34,0
9:15:00 AM,5,Sunday,14,25,14,16
9:30:00 AM,5,Sunday,99,10,11,15
9:45:00 AM,5,Sunday,67,1,22,14
10:00:00 AM,5,Sunday,42,2,29,9
10:15:00 AM,5,Sunday,92,3,33,21
10:30:00 AM,5,Sunday,91,16,28,9
10:45:00 AM,5,Sunday,25,9,10,28
11:00:00 AM,5,Sunday,37,5,12,29
11:15:00 AM,5,Sunday,55,6,12,29
11:30:00 AM,5,Sunday,49,8,8,26
11:45:00 AM,5,Sunday,69,9,3,20
12:00:00 PM,5,Sunday,38,6,6,24
12:15:00 PM,5,Sunday,40,8,12,21
12:30:00 PM,5,Sunday,53,5,3,20
12:45:00 PM,5,Sunday,21,8,4,28
1:00:00 PM,5,Sunday,24,7,4,20
1:15:00 PM,5,Sunday,47,24,24,9
1:30:00 PM,5,Sunday,90,30,32,8
1:45:00 PM,5,Sunday,120,21,22,14
2:00:00 PM,5,Sunday,120,12,40,13
2:15:00 PM,5,Sunday,66,14,21,7
2:30:00 PM,5,Sunday,89,24,12,6
2:45:00 PM,5,Sunday,80,17,16,5
3:00:00 PM,5,Sunday,114,21,10,9
3:15:00 PM,5,Sunday,94,20,7,10
3:30:00 PM,5,Sunday,70,18,28,5
3:45:00 PM,5,Sunday,56,17,15,8
4:00:00 PM,5,Sunday,141,15,20,6
4:15:00 PM,5,Sunday,150,19,46,7
4:30:00 PM,5,Sunday,119,37,22,8
4:45:00 PM,5,Sunday,144,14,44,5
5:00:00 PM,5,Sunday,110,25,46,6
5:15:00 PM,5,Sunday,138,15,31,10
5:30:00 PM,5,Sunday,140,35,41,5
5:45:00 PM,5,Sunday,103,24,28,8
6:00:00 PM,5,Sunday,142,27,30,5
6:15:00 PM,5,Sunday,149,13,22,9
6:30:00 PM,5,Sunday,126,40,39,8
6:45:00 PM,5,Sunday,78,15,14,28
7:00:00 PM,5,Sunday,102,15,11,29
7:15:00 PM,5,Sunday,96,22,20,12
7:30:00 PM,5,Sunday,110,24,15,14
7:45:00 PM,5,Sunday,97,22,17,13
8:00:00 PM,5,Sunday,53,19,11,18
8:15:00 PM,5,Sunday,82,8,17,29
8:30:00 PM,5,Sunday,91,24,18,29
8:45:00 PM,5,Sunday,102,6,14,35
9:00:00 PM,5,Sunday,109,6,15,18
9:15:00 PM,5,Sunday,78,16,13,27
9:30:00 PM,5,Sunday,66,12,16,33
9:45:00 PM,5,Sunday,100,17,15,22
10:00:00 PM,5,Sunday,15,1,1,25
10:15:00 PM,5,Sunday,16,1,0,33
10:30:00 PM,5,Sunday,19,4,0,26
10:45:00 PM,5,Sunday,10,0,1,34
11:00:00 PM,5,Sunday,14,0,0,28
11:15:00 PM,5,Sunday,13,2,0,22
11:30:00 PM,5,Sunday,18,5,1,20
11:45:00 PM,5,Sunday,18,4,0,18
12:00:00 AM,6,Monday,11,3,0,26
12:15:00 AM,6,Monday,13,1,0,24
12:30:00 AM,6,Monday,19,5,1,15
12:45:00 AM,6,Monday,11,3,1,28
1:00:00 AM,6,Monday,11,1,1,40
1:15:00 AM,6,Monday,18,4,1,28
1:30:00 AM,6,Monday,15,2,1,16
1:45:00 AM,6,Monday,20,0,0,27
2:00:00 AM,6,Monday,14,5,0,17
2:15:00 AM,6,Monday,11,3,1,10
2:30:00 AM,6,Monday,18,5,0,22
2:45:00 AM,6,Monday,12,4,0,16
3:00:00 AM,6,Monday,10,2,0,24
3:15:00 AM,6,Monday,20,0,1,36
3:30:00 AM,6,Monday,20,1,0,29
3:45:00 AM,6,Monday,16,4,0,24
4:00:00 AM,6,Monday,18,3,0,22
4:15:00 AM,6,Monday,88,11,10,3
4:30:00 AM,6,Monday,114,5,9,7
4:45:00 AM,6,Monday,103,3,9,17
5:00:00 AM,6,Monday,81,16,7,14
5:15:00 AM,6,Monday,94,1,9,3
5:30:00 AM,6,Monday,56,11,9,15
5:45:00 AM,6,Monday,80,16,5,10
6:00:00 AM,6,Monday,138,35,47,4
6:15:00 AM,6,Monday,123,27,22,4
6:30:00 AM,6,Monday,114,30,36,2
6:45:00 AM,6,Monday,122,30,37,2
7:00:00 AM,6,Monday,148,10,28,2
7:15:00 AM,6,Monday,127,38,48,0
7:30:00 AM,6,Monday,113,32,44,1
7:45:00 AM,6,Monday,131,26,40,1
8:00:00 AM,6,Monday,108,27,44,5
8:15:00 AM,6,Monday,109,19,49,3
8:30:00 AM,6,Monday,125,15,28,3
8:45:00 AM,6,Monday,139,30,35,4
9:00:00 AM,6,Monday,103,35,50,2
9:15:00 AM,6,Monday,64,13,40,12
9:30:00 AM,6,Monday,79,1,10,30
9:45:00 AM,6,Monday,50,2,7,14
10:00:00 AM,6,Monday,84,18,18,28
10:15:00 AM,6,Monday,99,16,39,26
10:30:00 AM,6,Monday,42,3,27,18
10:45:00 AM,6,Monday,53,2,29,24
11:00:00 AM,6,Monday,63,10,8,28
11:15:00 AM,6,Monday,24,8,3,20
11:30:00 AM,6,Monday,46,8,6,26
11:45:00 AM,6,Monday,20,7,8,26
12:00:00 PM,6,Monday,41,8,7,27
12:15:00 PM,6,Monday,44,5,3,28
12:30:00 PM,6,Monday,33,6,14,28
12:45:00 PM,6,Monday,30,9,7,25
1:00:00 PM,6,Monday,68,7,5,25
1:15:00 PM,6,Monday,28,29,26,5
1:30:00 PM,6,Monday,96,20,14,18
1:45:00 PM,6,Monday,24,15,26,13
2:00:00 PM,6,Monday,70,21,32,18
2:15:00 PM,6,Monday,49,21,11,20
2:30:00 PM,6,Monday,51,22,12,16
2:45:00 PM,6,Monday,84,12,15,15
3:00:00 PM,6,Monday,99,18,7,20
3:15:00 PM,6,Monday,106,10,9,8
3:30:00 PM,6,Monday,6,11,34,20
3:45:00 PM,6,Monday,59,29,15,16
4:00:00 PM,6,Monday,139,25,41,5
4:15:00 PM,6,Monday,109,12,49,6
4:30:00 PM,6,Monday,124,24,47,9
4:45:00 PM,6,Monday,135,29,39,7
5:00:00 PM,6,Monday,137,15,37,7
5:15:00 PM,6,Monday,119,28,46,9
5:30:00 PM,6,Monday,127,21,28,5
5:45:00 PM,6,Monday,109,37,44,9
6:00:00 PM,6,Monday,145,27,35,7
6:15:00 PM,6,Monday,133,36,28,6
6:30:00 PM,6,Monday,138,19,36,5
6:45:00 PM,6,Monday,73,5,20,10
7:00:00 PM,6,Monday,83,11,14,33
7:15:00 PM,6,Monday,89,8,10,19
7:30:00 PM,6,Monday,99,19,18,24
7:45:00 PM,6,Monday,54,17,14,8
8:00:00 PM,6,Monday,58,18,14,6
8:15:00 PM,6,Monday,56,16,12,9
8:30:00 PM,6,Monday,77,6,20,5
8:45:00 PM,6,Monday,85,6,18,17
9:00:00 PM,6,Monday,105,14,13,32
9:15:00 PM,6,Monday,96,21,11,24
9:30:00 PM,6,Monday,66,22,17,16
9:45:00 PM,6,Monday,88,15,19,14
10:00:00 PM,6,Monday,16,1,1,24
10:15:00 PM,6,Monday,13,1,0,11
10:30:00 PM,6,Monday,13,5,1,23
10:45:00 PM,6,Monday,19,5,0,37
11:00:00 PM,6,Monday,19,1,0,31
11:15:00 PM,6,Monday,11,5,0,19
11:30:00 PM,6,Monday,18,3,0,32
11:45:00 PM,6,Monday,17,1,1,38
12:00:00 AM,7,Tuesday,17,3,0,20
12:15:00 AM,7,Tuesday,18,4,1,19
12:30:00 AM,7,Tuesday,19,3,0,24
12:45:00 AM,7,Tuesday,16,3,0,15
1:00:00 AM,7,Tuesday,12,5,1,21
1:15:00 AM,7,Tuesday,17,3,0,36
1:30:00 AM,7,Tuesday,19,4,1,21
1:45:00 AM,7,Tuesday,13,5,0,20
2:00:00 AM,7,Tuesday,14,0,1,37
2:15:00 AM,7,Tuesday,14,5,0,39
2:30:00 AM,7,Tuesday,13,1,0,19
2:45:00 AM,7,Tuesday,18,5,1,25
3:00:00 AM,7,Tuesday,15,1,1,15
3:15:00 AM,7,Tuesday,19,2,0,30
3:30:00 AM,7,Tuesday,18,2,1,27
3:45:00 AM,7,Tuesday,13,1,0,38
4:00:00 AM,7,Tuesday,19,2,0,32
4:15:00 AM,7,Tuesday,116,0,1,9
4:30:00 AM,7,Tuesday,60,12,8,15
4:45:00 AM,7,Tuesday,82,15,0,19
5:00:00 AM,7,Tuesday,67,23,7,3
5:15:00 AM,7,Tuesday,59,27,10,18
5:30:00 AM,7,Tuesday,66,6,9,5
5:45:00 AM,7,Tuesday,120,10,3,16
6:00:00 AM,7,Tuesday,121,22,30,0
6:15:00 AM,7,Tuesday,130,27,39,5
6:30:00 AM,7,Tuesday,139,31,44,3
6:45:00 AM,7,Tuesday,129,14,43,5
7:00:00 AM,7,Tuesday,131,28,43,5
7:15:00 AM,7,Tuesday,119,39,24,1
7:30:00 AM,7,Tuesday,142,25,34,5
7:45:00 AM,7,Tuesday,123,22,22,3
8:00:00 AM,7,Tuesday,106,19,38,4
8:15:00 AM,7,Tuesday,115,39,20,2
8:30:00 AM,7,Tuesday,111,17,32,1
8:45:00 AM,7,Tuesday,144,26,50,3
9:00:00 AM,7,Tuesday,126,31,48,2
9:15:00 AM,7,Tuesday,73,22,21,29
9:30:00 AM,7,Tuesday,28,7,25,18
9:45:00 AM,7,Tuesday,31,10,40,9
10:00:00 AM,7,Tuesday,51,14,33,14
10:15:00 AM,7,Tuesday,22,7,39,23
10:30:00 AM,7,Tuesday,46,5,11,21
10:45:00 AM,7,Tuesday,72,22,21,27
11:00:00 AM,7,Tuesday,70,5,5,29
11:15:00 AM,7,Tuesday,28,9,9,24
11:30:00 AM,7,Tuesday,44,5,11,23
11:45:00 AM,7,Tuesday,27,6,13,30
12:00:00 PM,7,Tuesday,20,6,6,23
12:15:00 PM,7,Tuesday,29,7,3,28
12:30:00 PM,7,Tuesday,20,6,5,27
12:45:00 PM,7,Tuesday,65,9,15,22
1:00:00 PM,7,Tuesday,36,5,6,20
1:15:00 PM,7,Tuesday,99,21,21,6
1:30:00 PM,7,Tuesday,101,21,34,18
1:45:00 PM,7,Tuesday,98,29,34,12
2:00:00 PM,7,Tuesday,113,20,7,13
2:15:00 PM,7,Tuesday,75,24,27,7
2:30:00 PM,7,Tuesday,71,21,38,11
2:45:00 PM,7,Tuesday,119,13,32,7
3:00:00 PM,7,Tuesday,114,11,39,13
3:15:00 PM,7,Tuesday,99,26,8,11
3:30:00 PM,7,Tuesday,39,12,21,9
3:45:00 PM,7,Tuesday,114,26,16,20
4:00:00 PM,7,Tuesday,120,32,39,9
4:15:00 PM,7,Tuesday,143,24,35,6
4:30:00 PM,7,Tuesday,121,28,21,5
4:45:00 PM,7,Tuesday,134,23,28,10
5:00:00 PM,7,Tuesday,103,13,37,10
5:15:00 PM,7,Tuesday,122,12,48,10
5:30:00 PM,7,Tuesday,145,39,23,6
5:45:00 PM,7,Tuesday,105,13,48,10
6:00:00 PM,7,Tuesday,144,13,40,10
6:15:00 PM,7,Tuesday,103,18,40,5
6:30:00 PM,7,Tuesday,120,15,34,8
6:45:00 PM,7,Tuesday,56,19,16,13
7:00:00 PM,7,Tuesday,56,5,17,14
7:15:00 PM,7,Tuesday,108,15,13,5
7:30:00 PM,7,Tuesday,58,23,14,34
7:45:00 PM,7,Tuesday,58,13,11,33
8:00:00 PM,7,Tuesday,76,24,14,15
8:15:00 PM,7,Tuesday,69,8,13,28
8:30:00 PM,7,Tuesday,54,9,12,10
8:45:00 PM,7,Tuesday,89,7,10,10
9:00:00 PM,7,Tuesday,110,18,18,10
9:15:00 PM,7,Tuesday,86,12,17,18
9:30:00 PM,7,Tuesday,82,7,16,9
9:45:00 PM,7,Tuesday,102,5,19,11
10:00:00 PM,7,Tuesday,16,5,0,21
10:15:00 PM,7,Tuesday,11,3,1,39
10:30:00 PM,7,Tuesday,18,5,0,11
10:45:00 PM,7,Tuesday,12,0,1,32
11:00:00 PM,7,Tuesday,15,4,1,39
11:15:00 PM,7,Tuesday,15,4,0,26
11:30:00 PM,7,Tuesday,13,1,0,30
11:45:00 PM,7,Tuesday,12,3,0,28
12:00:00 AM,8,Wednesday,17,2,1,20
12:15:00 AM,8,Wednesday,14,5,1,33
12:30:00 AM,8,Wednesday,16,3,1,11
12:45:00 AM,8,Wednesday,18,2,1,13
1:00:00 AM,8,Wednesday,12,2,1,17
1:15:00 AM,8,Wednesday,17,4,1,15
1:30:00 AM,8,Wednesday,18,1,1,25
1:45:00 AM,8,Wednesday,20,1,1,10
2:00:00 AM,8,Wednesday,15,1,0,21
2:15:00 AM,8,Wednesday,11,3,1,34
2:30:00 AM,8,Wednesday,19,0,1,13
2:45:00 AM,8,Wednesday,10,3,0,14
3:00:00 AM,8,Wednesday,17,5,1,17
3:15:00 AM,8,Wednesday,16,1,0,11
3:30:00 AM,8,Wednesday,11,0,1,33
3:45:00 AM,8,Wednesday,10,5,0,39
4:00:00 AM,8,Wednesday,12,3,0,32
4:15:00 AM,8,Wednesday,106,16,10,10
4:30:00 AM,8,Wednesday,69,18,0,12
4:45:00 AM,8,Wednesday,103,26,6,12
5:00:00 AM,8,Wednesday,99,25,6,6
5:15:00 AM,8,Wednesday,85,9,4,11
5:30:00 AM,8,Wednesday,109,0,3,8
5:45:00 AM,8,Wednesday,106,27,1,6
6:00:00 AM,8,Wednesday,133,28,31,3
6:15:00 AM,8,Wednesday,108,39,34,5
6:30:00 AM,8,Wednesday,101,12,48,1
6:45:00 AM,8,Wednesday,145,11,29,1
7:00:00 AM,8,Wednesday,112,33,29,3
7:15:00 AM,8,Wednesday,111,18,32,4
7:30:00 AM,8,Wednesday,133,39,44,2
7:45:00 AM,8,Wednesday,115,34,37,5
8:00:00 AM,8,Wednesday,135,35,38,3
8:15:00 AM,8,Wednesday,142,40,28,3
8:30:00 AM,8,Wednesday,124,11,27,2
8:45:00 AM,8,Wednesday,122,29,31,5
9:00:00 AM,8,Wednesday,101,19,23,5
9:15:00 AM,8,Wednesday,72,5,15,20
9:30:00 AM,8,Wednesday,100,13,23,9
9:45:00 AM,8,Wednesday,32,10,33,8
10:00:00 AM,8,Wednesday,42,25,37,12
10:15:00 AM,8,Wednesday,81,25,40,20
10:30:00 AM,8,Wednesday,56,18,9,23
10:45:00 AM,8,Wednesday,84,9,31,17
11:00:00 AM,8,Wednesday,36,9,8,28
11:15:00 AM,8,Wednesday,32,5,11,27
11:30:00 AM,8,Wednesday,26,7,15,27
11:45:00 AM,8,Wednesday,34,5,5,22
12:00:00 PM,8,Wednesday,66,9,6,30
12:15:00 PM,8,Wednesday,69,10,4,24
12:30:00 PM,8,Wednesday,44,7,9,20
12:45:00 PM,8,Wednesday,58,10,5,27
1:00:00 PM,8,Wednesday,27,6,14,30
1:15:00 PM,8,Wednesday,19,21,25,15
1:30:00 PM,8,Wednesday,39,15,30,8
1:45:00 PM,8,Wednesday,109,21,10,12
2:00:00 PM,8,Wednesday,93,10,9,15
2:15:00 PM,8,Wednesday,73,16,12,11
2:30:00 PM,8,Wednesday,111,18,29,16
2:45:00 PM,8,Wednesday,37,20,10,19
3:00:00 PM,8,Wednesday,74,23,13,20
3:15:00 PM,8,Wednesday,32,28,35,6
3:30:00 PM,8,Wednesday,34,23,19,17
3:45:00 PM,8,Wednesday,59,25,9,20
4:00:00 PM,8,Wednesday,145,12,24,8
4:15:00 PM,8,Wednesday,118,17,28,8
4:30:00 PM,8,Wednesday,145,20,47,8
4:45:00 PM,8,Wednesday,140,25,46,10
5:00:00 PM,8,Wednesday,120,35,43,7
5:15:00 PM,8,Wednesday,126,24,31,7
5:30:00 PM,8,Wednesday,106,22,43,5
5:45:00 PM,8,Wednesday,137,40,28,9
6:00:00 PM,8,Wednesday,108,40,25,6
6:15:00 PM,8,Wednesday,135,15,50,6
6:30:00 PM,8,Wednesday,121,21,49,8
6:45:00 PM,8,Wednesday,59,6,20,6
7:00:00 PM,8,Wednesday,59,13,18,27
7:15:00 PM,8,Wednesday,103,7,15,15
7:30:00 PM,8,Wednesday,56,14,14,31
7:45:00 PM,8,Wednesday,106,23,12,9
8:00:00 PM,8,Wednesday,109,5,16,17
8:15:00 PM,8,Wednesday,110,5,20,11
8:30:00 PM,8,Wednesday,86,15,15,23
8:45:00 PM,8,Wednesday,91,18,19,26
9:00:00 PM,8,Wednesday,99,19,15,28
9:15:00 PM,8,Wednesday,93,14,20,17
9:30:00 PM,8,Wednesday,89,25,13,23
9:45:00 PM,8,Wednesday,107,15,12,24
10:00:00 PM,8,Wednesday,16,5,0,14
10:15:00 PM,8,Wednesday,14,5,1,20
10:30:00 PM,8,Wednesday,18,3,0,24
10:45:00 PM,8,Wednesday,12,3,0,40
11:00:00 PM,8,Wednesday,14,4,1,27
11:15:00 PM,8,Wednesday,18,5,1,15
11:30:00 PM,8,Wednesday,10,4,1,23
11:45:00 PM,8,Wednesday,10,5,0,14
12:00:00 AM,9,Thursday,14,3,0,28
12:15:00 AM,9,Thursday,10,2,0,38
12:30:00 AM,9,Thursday,19,0,0,32
12:45:00 AM,9,Thursday,20,3,0,19
1:00:00 AM,9,Thursday,18,3,0,14
1:15:00 AM,9,Thursday,11,2,0,12
1:30:00 AM,9,Thursday,17,1,1,13
1:45:00 AM,9,Thursday,10,0,1,36
2:00:00 AM,9,Thursday,17,0,0,32
2:15:00 AM,9,Thursday,20,5,1,22
2:30:00 AM,9,Thursday,12,3,0,17
2:45:00 AM,9,Thursday,13,0,0,31
3:00:00 AM,9,Thursday,11,1,1,35
3:15:00 AM,9,Thursday,18,2,0,19
3:30:00 AM,9,Thursday,15,0,1,24
3:45:00 AM,9,Thursday,14,3,0,25
4:00:00 AM,9,Thursday,12,0,1,16
4:15:00 AM,9,Thursday,85,24,5,5
4:30:00 AM,9,Thursday,71,22,5,2
4:45:00 AM,9,Thursday,108,4,5,3
5:00:00 AM,9,Thursday,63,29,5,15
5:15:00 AM,9,Thursday,62,12,3,18
5:30:00 AM,9,Thursday,118,15,3,11
5:45:00 AM,9,Thursday,90,21,2,14
6:00:00 AM,9,Thursday,141,30,31,1
6:15:00 AM,9,Thursday,126,31,33,2
6:30:00 AM,9,Thursday,112,26,30,4
6:45:00 AM,9,Thursday,112,12,38,4
7:00:00 AM,9,Thursday,144,14,33,4
7:15:00 AM,9,Thursday,127,13,36,1
7:30:00 AM,9,Thursday,146,10,44,5
7:45:00 AM,9,Thursday,146,22,26,4
8:00:00 AM,9,Thursday,101,10,48,5
8:15:00 AM,9,Thursday,104,19,24,4
8:30:00 AM,9,Thursday,150,20,43,0
8:45:00 AM,9,Thursday,110,35,45,2
9:00:00 AM,9,Thursday,139,15,28,2
9:15:00 AM,9,Thursday,99,17,32,7
9:30:00 AM,9,Thursday,22,15,7,19
9:45:00 AM,9,Thursday,11,12,21,24
10:00:00 AM,9,Thursday,47,20,18,16
10:15:00 AM,9,Thursday,54,1,35,26
10:30:00 AM,9,Thursday,26,16,13,16
10:45:00 AM,9,Thursday,99,18,39,19
11:00:00 AM,9,Thursday,31,9,11,28
11:15:00 AM,9,Thursday,24,8,13,23
11:30:00 AM,9,Thursday,21,7,9,20
11:45:00 AM,9,Thursday,60,10,5,25
12:00:00 PM,9,Thursday,29,9,12,21
12:15:00 PM,9,Thursday,37,7,14,28
12:30:00 PM,9,Thursday,53,7,11,22
12:45:00 PM,9,Thursday,35,5,15,25
1:00:00 PM,9,Thursday,53,6,10,28
1:15:00 PM,9,Thursday,114,18,17,8
1:30:00 PM,9,Thursday,95,28,22,9
1:45:00 PM,9,Thursday,62,23,38,19
2:00:00 PM,9,Thursday,70,28,12,12
2:15:00 PM,9,Thursday,35,20,10,8
2:30:00 PM,9,Thursday,60,23,10,20
2:45:00 PM,9,Thursday,40,22,25,9
3:00:00 PM,9,Thursday,53,21,6,11
3:15:00 PM,9,Thursday,99,16,38,7
3:30:00 PM,9,Thursday,86,21,31,18
3:45:00 PM,9,Thursday,79,28,35,13
4:00:00 PM,9,Thursday,146,25,33,8
4:15:00 PM,9,Thursday,116,24,36,6
4:30:00 PM,9,Thursday,107,14,44,5
4:45:00 PM,9,Thursday,115,20,27,9
5:00:00 PM,9,Thursday,113,23,43,6
5:15:00 PM,9,Thursday,102,20,31,5
5:30:00 PM,9,Thursday,138,27,21,7
5:45:00 PM,9,Thursday,146,13,38,9
6:00:00 PM,9,Thursday,139,33,41,7
6:15:00 PM,9,Thursday,130,24,48,9
6:30:00 PM,9,Thursday,135,31,34,8
6:45:00 PM,9,Thursday,106,22,16,20
7:00:00 PM,9,Thursday,109,23,14,26
7:15:00 PM,9,Thursday,108,24,19,10
7:30:00 PM,9,Thursday,50,16,16,11
7:45:00 PM,9,Thursday,102,22,17,10
8:00:00 PM,9,Thursday,72,25,10,27
8:15:00 PM,9,Thursday,91,13,18,13
8:30:00 PM,9,Thursday,67,19,11,8
8:45:00 PM,9,Thursday,61,14,10,5
9:00:00 PM,9,Thursday,107,13,14,28
9:15:00 PM,9,Thursday,91,5,12,34
9:30:00 PM,9,Thursday,106,18,13,27
9:45:00 PM,9,Thursday,107,14,10,18
10:00:00 PM,9,Thursday,17,4,1,20
10:15:00 PM,9,Thursday,11,4,1,30
10:30:00 PM,9,Thursday,11,4,0,23
10:45:00 PM,9,Thursday,16,3,1,36
11:00:00 PM,9,Thursday,11,0,1,30
11:15:00 PM,9,Thursday,15,4,1,25
11:30:00 PM,9,Thursday,16,5,0,27
11:45:00 PM,9,Thursday,14,3,1,15
